customer_id,recency,frequency,aov,ltv,predicted_LTV,segment
C1000,452,2,39.510000000000005,79.02000000000001,79.17043,Low
C1001,104,4,81.4,325.6,318.8987,Medium
C1002,342,6,196.55166666666665,1179.31,1179.9543,Very High
C1003,79,8,58.97625,471.81,472.11288,Medium
C1004,123,9,114.58333333333333,1031.25,1026.0453,Very High
C1005,536,1,35.22,35.22,35.12513,Low
C1006,52,7,48.762857142857136,341.34,349.0627,Medium
C1007,86,3,151.07333333333335,453.22,458.54428,Medium
C1008,426,2,143.68,287.36,286.02393,Medium
C1009,516,5,148.998,744.99,744.44403,High
C1010,76,5,150.744,753.72,747.3733,High
C1011,93,6,87.06166666666667,522.37,522.27106,High
C1012,291,1,53.37,53.37,53.33754,Low
C1013,105,9,99.8777777777778,898.9000000000001,898.05115,Very High
C1014,21,10,119.953,1199.53,1198.6656,Very High
C1015,23,10,55.407000000000004,554.07,551.3689,High
C1016,180,9,148.54777777777778,1336.93,1336.762,Very High
C1017,136,4,53.63,214.52,213.45102,Low
C1018,99,4,60.55,242.2,243.38808,Low
C1019,68,8,123.46375,987.71,989.4931,Very High
C1020,427,4,72.885,291.54,291.4243,Medium
C1021,8,7,90.5,633.5,632.9098,High
C1022,142,5,98.22,491.09999999999997,491.9392,Medium
C1023,119,4,48.4125,193.65,182.19354,Low
C1024,214,3,47.413333333333334,142.24,140.58066,Low
C1025,451,6,167.12166666666667,1002.73,1004.92944,Very High
C1026,21,6,145.14833333333334,870.8900000000001,869.92816,Very High
C1027,87,2,160.67499999999998,321.34999999999997,323.0588,Medium
C1028,770,1,228.54,228.54,227.67786,Low
C1029,343,4,48.535,194.14,177.87671,Low
C1030,19,4,60.4375,241.75,243.21962,Low
C1031,413,3,11.203333333333333,33.61,34.356445,Low
C1032,417,2,254.07999999999998,508.15999999999997,449.7502,Medium
C1033,617,3,53.906666666666666,161.72,161.91873,Low
C1034,620,1,100.29,100.29,99.36302,Low
C1035,60,8,69.19624999999999,553.5699999999999,554.03577,High
C1036,139,7,37.83571428571429,264.85,265.38696,Medium
C1037,180,5,76.162,380.81,382.9299,Medium
C1038,136,5,119.60999999999999,598.05,598.3026,High
C1039,326,4,80.2825,321.13,319.6561,Medium
C1040,750,1,57.55,57.55,60.05237,Low
C1041,870,1,266.38,266.38,267.12222,Medium
C1042,25,8,93.81875000000001,750.5500000000001,749.6003,High
C1043,235,9,133.66333333333333,1202.97,1207.1007,Very High
C1044,107,5,122.70599999999999,613.53,607.51715,High
C1045,44,8,79.74875,637.99,635.0561,High
C1046,97,5,56.918000000000006,284.59000000000003,284.62088,Medium
C1047,100,9,145.68111111111114,1311.13,1318.19,Very High
C1048,219,2,262.08,524.16,524.56494,High
C1049,20,8,93.2975,746.38,753.22943,High
C1050,419,3,108.75999999999999,326.28,326.00092,Medium
C1051,296,8,101.0875,808.7,809.51385,Very High
C1052,48,4,87.965,351.86,350.62555,Medium
C1053,149,7,107.78428571428572,754.49,756.7989,High
C1054,56,3,50.71333333333333,152.14,153.41983,Low
C1055,9,4,54.9875,219.95,218.74403,Low
C1056,108,6,78.95166666666667,473.71000000000004,474.8797,Medium
C1057,12,8,84.065,672.52,674.05536,High
C1058,49,4,63.3075,253.23,258.18506,Medium
C1059,9,9,79.91333333333334,719.22,719.8549,High
C1060,18,1,178.2,178.2,177.07404,Low
C1061,31,6,174.495,1046.97,1045.3175,Very High
C1062,137,6,96.54333333333334,579.26,576.1703,High
C1063,4,4,26.4825,105.93,101.467354,Low
C1064,32,3,129.13666666666668,387.41,387.7966,Medium
C1065,5,6,29.833333333333332,179.0,190.4485,Low
C1066,208,2,61.35,122.7,121.30517,Low
C1067,23,7,168.53285714285715,1179.73,1165.8646,Very High
C1068,270,9,101.86111111111111,916.75,916.40216,Very High
C1069,27,6,78.81,472.86,473.0287,Medium
C1070,136,8,145.3125,1162.5,1187.4878,Very High
C1071,120,6,103.92166666666667,623.53,625.24756,High
C1072,171,4,113.2175,452.87,453.6892,Medium
C1073,321,8,92.34,738.72,735.41394,High
C1074,5,7,179.48571428571427,1256.3999999999999,1257.7189,Very High
C1075,93,6,226.0,1356.0,1355.6309,Very High
C1076,43,6,87.645,525.87,526.8194,High
C1077,82,9,86.92555555555556,782.33,782.2156,Very High
C1078,205,5,103.804,519.02,516.6411,High
C1079,397,3,46.89333333333334,140.68,140.1563,Low
C1080,74,7,123.94000000000001,867.58,870.5069,Very High
C1081,35,5,158.214,791.07,790.66974,Very High
C1082,178,7,63.01857142857143,441.13,439.88995,Medium
C1083,93,10,103.33599999999998,1033.36,1032.9688,Very High
C1084,60,8,74.66499999999999,597.3199999999999,599.428,High
C1085,101,9,108.71777777777778,978.46,975.76294,Very High
C1086,152,9,98.56333333333333,887.07,887.255,Very High
C1087,61,5,91.714,458.57,455.45828,Medium
C1088,26,3,55.03,165.09,167.10455,Low
C1089,100,7,82.26142857142858,575.83,576.61017,High
C1090,56,3,40.95666666666667,122.87,121.275894,Low
C1091,690,1,179.17,179.17,178.61482,Low
C1092,15,4,43.879999999999995,175.51999999999998,176.58482,Low
C1093,24,9,75.31888888888889,677.87,685.3309,High
C1094,548,3,114.25333333333333,342.76,343.47748,Medium
C1095,21,10,70.805,708.0500000000001,706.65784,High
C1096,143,1,51.79,51.79,52.231228,Low
C1097,110,3,117.65666666666668,352.97,351.86493,Medium
C1098,37,3,67.02333333333333,201.07,197.86984,Low
C1099,202,3,170.31333333333333,510.94,543.4685,High
C1100,47,8,78.735,629.88,629.4813,High
C1101,246,4,73.505,294.02,293.0411,Medium
C1102,33,3,125.24333333333333,375.72999999999996,371.8336,Medium
C1103,47,10,63.825,638.25,639.5611,High
C1104,74,1,187.82,187.82,187.55396,Low
C1105,3,8,163.2625,1306.1,1305.7507,Very High
C1106,11,10,125.797,1257.97,1263.2793,Very High
C1107,59,6,144.535,867.21,867.76154,Very High
C1108,539,1,41.92,41.92,41.571438,Low
C1109,44,5,107.224,536.12,536.11395,High
C1110,216,4,125.2875,501.15,503.98538,High
C1111,14,5,107.194,535.97,536.24384,High
C1112,219,6,45.68833333333333,274.13,278.36597,Medium
C1113,16,4,61.7175,246.87,245.77657,Low
C1114,31,9,114.05777777777777,1026.52,1023.4279,Very High
C1115,305,3,81.01,243.03,245.75693,Low
C1116,70,7,96.36714285714287,674.57,673.30475,High
C1117,86,9,82.9588888888889,746.63,747.74756,High
C1118,204,1,120.41,120.41,120.89707,Low
C1119,296,8,63.32125,506.57,498.5735,Medium
C1120,505,1,184.56,184.56,182.63776,Low
C1121,313,6,104.22333333333331,625.3399999999999,623.5016,High
C1122,99,7,79.39142857142858,555.74,554.763,High
C1123,2,10,85.411,854.11,824.67035,Very High
C1124,164,2,28.54,57.08,58.333424,Low
C1125,48,9,103.85333333333332,934.68,931.01965,Very High
C1126,30,2,153.63,307.26,310.49884,Medium
C1127,312,3,130.78,392.34,393.9304,Medium
C1128,52,7,97.12714285714286,679.89,677.03503,High
C1129,9,9,150.63333333333333,1355.6999999999998,1357.944,Very High
C1130,139,2,149.935,299.87,298.82596,Medium
C1131,58,9,159.8111111111111,1438.3,1437.8242,Very High
C1132,230,4,58.525,234.1,233.87973,Low
C1133,12,5,122.122,610.61,608.75006,High
C1134,47,6,135.96333333333334,815.78,817.94293,Very High
C1135,776,1,14.1,14.1,17.78473,Low
C1136,187,6,51.52833333333333,309.16999999999996,305.05478,Medium
C1137,55,4,111.455,445.82,447.77563,Medium
C1138,104,3,88.82333333333334,266.47,267.20615,Medium
C1139,468,6,67.30833333333332,403.84999999999997,406.2431,Medium
C1140,56,8,129.57,1036.56,1033.0931,Very High
C1141,17,3,204.33666666666667,613.01,613.2036,High
C1142,831,1,294.49,294.49,293.6318,Medium
C1143,86,6,101.85833333333333,611.15,607.8409,High
C1144,142,6,162.63166666666666,975.79,976.4086,Very High
C1145,13,10,153.176,1531.76,1531.9058,Very High
C1146,48,8,96.0275,768.22,767.3015,High
C1147,261,1,50.29,50.29,49.56237,Low
C1148,518,2,57.345,114.69,115.98231,Low
C1149,126,4,151.5575,606.23,602.6778,High
C1150,8,6,114.84166666666665,689.05,691.10345,High
C1151,277,8,93.74625,749.97,752.1981,High
C1152,45,1,49.83,49.83,48.926147,Low
C1153,19,5,185.022,925.11,928.1937,Very High
C1154,111,2,104.59,209.18,207.92038,Low
C1155,252,4,18.245,72.98,73.27045,Low
C1156,131,2,56.31,112.62,114.24536,Low
C1157,89,8,130.47875,1043.83,1045.1411,Very High
C1158,44,8,77.73375,621.87,619.73236,High
C1159,3,8,47.47625,379.81,381.70914,Medium
C1160,36,6,93.45,560.7,561.5179,High
C1161,129,4,54.085,216.34,214.54208,Low
C1162,140,3,221.54666666666665,664.64,670.7549,High
C1163,81,8,54.442499999999995,435.53999999999996,436.14618,Medium
C1164,11,4,45.7975,183.19,181.38179,Low
C1165,76,3,167.22666666666666,501.68,496.22244,Medium
C1166,242,6,67.76333333333334,406.58,408.69418,Medium
C1167,0,4,125.285,501.14,501.51608,Medium
C1168,406,1,17.8,17.8,19.517448,Low
C1169,54,4,39.24,156.96,157.26656,Low
C1170,29,4,71.69,286.76,288.2084,Medium
C1171,288,6,147.51166666666668,885.07,882.91077,Very High
C1172,96,6,116.97166666666668,701.83,703.1461,High
C1173,767,1,2.0,2.0,2.3188446,Low
C1174,34,5,62.33,311.65,313.42184,Medium
C1175,0,2,40.495000000000005,80.99000000000001,80.85216,Low
C1176,321,2,75.345,150.69,148.56131,Low
C1177,88,6,188.9416666666667,1133.65,1131.1461,Very High
C1178,191,8,53.635,429.08,430.23425,Medium
C1179,46,9,99.12444444444445,892.12,890.40063,Very High
C1180,45,2,79.715,159.43,160.01613,Low
C1181,528,1,94.16,94.16,95.62742,Low
C1182,59,9,132.01333333333332,1188.12,1184.1556,Very High
C1183,230,4,114.225,456.9,453.57812,Medium
C1184,38,6,80.39,482.34000000000003,479.238,Medium
C1185,143,9,66.42,597.78,611.9944,High
C1186,50,2,68.58,137.16,136.6019,Low
C1187,230,2,259.425,518.85,521.3507,High
C1188,291,3,173.4466666666667,520.34,542.9125,High
C1189,277,1,73.7,73.7,73.88267,Low
C1190,261,3,48.919999999999995,146.76,143.35353,Low
C1191,84,1,246.81,246.81,246.93376,Low
C1192,200,5,90.348,451.74,450.37897,Medium
C1193,14,5,45.382,226.91,224.83006,Low
C1194,126,6,95.32166666666666,571.93,573.4889,High
C1195,259,5,85.97200000000001,429.86,429.6863,Medium
C1196,73,8,94.6675,757.34,762.4158,High
C1197,667,1,233.88,233.88,237.52466,Low
C1198,154,6,65.31166666666667,391.87,389.80112,Medium
C1199,256,5,68.52799999999999,342.64,344.32605,Medium
C1200,218,6,68.73333333333333,412.4,410.47485,Medium
C1201,201,3,38.81333333333333,116.44,117.24773,Low
C1202,296,6,160.26,961.56,965.4982,Very High
C1203,122,10,61.986000000000004,619.86,629.6357,High
C1204,56,10,141.418,1414.18,1415.5099,Very High
C1205,162,9,96.5311111111111,868.78,869.6911,Very High
C1206,129,8,95.88625,767.09,766.3655,High
C1207,29,3,58.833333333333336,176.5,175.92276,Low
C1208,37,4,110.625,442.5,443.7739,Medium
C1209,532,1,99.96,99.96,99.30463,Low
C1210,563,2,8.915,17.83,18.540436,Low
C1211,11,8,95.39625000000001,763.1700000000001,763.96783,High
C1212,36,6,132.29333333333332,793.76,792.7107,Very High
C1213,230,6,70.44166666666666,422.65,421.18018,Medium
C1214,12,10,129.93400000000003,1299.3400000000001,1298.1337,Very High
C1215,11,10,114.141,1141.41,1144.1816,Very High
C1216,113,6,150.34,902.0400000000001,909.6502,Very High
C1217,81,6,106.40833333333335,638.45,637.24365,High
C1218,77,1,2.27,2.27,0.26742402,Low
C1219,77,5,85.38399999999999,426.91999999999996,424.89706,Medium
C1220,27,4,82.86500000000001,331.46000000000004,313.45178,Medium
C1221,197,3,87.09333333333335,261.28000000000003,263.87405,Medium
C1222,25,9,153.25333333333333,1379.28,1385.5182,Very High
C1223,158,2,62.42,124.84,124.44354,Low
C1224,29,5,77.288,386.44,384.2774,Medium
C1225,159,8,99.13125,793.05,793.8408,Very High
C1226,4,8,80.04125,640.33,639.3456,High
C1227,50,4,203.1975,812.79,809.2793,Very High
C1228,146,8,124.89125,999.13,997.9838,Very High
C1229,816,1,222.46,222.46,222.32182,Low
C1230,78,3,45.60333333333333,136.81,137.56563,Low
C1231,316,2,171.54999999999998,343.09999999999997,344.0365,Medium
C1232,72,4,52.605,210.42,210.66922,Low
C1233,243,8,125.99125000000001,1007.9300000000001,1010.21106,Very High
C1234,409,8,51.2325,409.86,408.2598,Medium
C1235,55,7,117.89,825.23,825.42065,Very High
C1236,201,7,85.2957142857143,597.07,596.71344,High
C1237,441,3,105.29,315.87,310.59253,Medium
C1238,3,8,135.26125,1082.09,1082.6167,Very High
C1239,160,8,106.47874999999999,851.8299999999999,859.6786,Very High
C1240,53,1,186.51,186.51,186.45065,Low
C1241,114,5,142.614,713.07,710.5947,High
C1242,99,10,119.13499999999999,1191.35,1197.4408,Very High
C1243,9,7,90.05571428571429,630.39,630.40497,High
C1244,413,1,95.48,95.48,94.345085,Low
C1245,37,9,94.55333333333334,850.98,857.11725,Very High
C1246,17,9,110.18222222222224,991.6400000000001,979.78876,Very High
C1247,24,5,55.318000000000005,276.59000000000003,256.8478,Medium
C1248,29,8,85.65125,685.21,684.9795,High
C1249,775,1,42.6,42.6,42.958344,Low
C1250,84,3,23.686666666666667,71.06,71.266235,Low
C1251,64,2,299.435,598.87,614.84174,High
C1252,160,8,93.9225,751.38,753.3947,High
C1253,45,9,74.26666666666667,668.4,668.3103,High
C1254,210,7,101.95714285714284,713.6999999999999,720.7522,High
C1255,586,1,114.62,114.62,114.903175,Low
C1256,141,10,103.15,1031.5,1031.1389,Very High
C1257,128,8,39.01,312.08,316.84418,Medium
C1258,148,7,96.51428571428572,675.6,675.3851,High
C1259,441,1,24.62,24.62,25.041847,Low
C1260,119,5,159.55,797.75,797.20935,Very High
C1261,31,8,101.41125,811.29,808.995,Very High
C1262,465,1,36.14,36.14,36.292484,Low
C1263,310,3,73.27999999999999,219.83999999999997,216.89438,Low
C1264,309,5,65.346,326.73,326.1111,Medium
C1265,8,7,69.48142857142857,486.37,487.78302,Medium
C1266,716,2,56.01,112.02,110.92373,Low
C1267,0,10,123.78699999999999,1237.87,1235.7551,Very High
C1268,4,2,126.675,253.35,252.7099,Medium
C1269,82,10,75.683,756.83,758.8898,High
C1270,97,2,49.120000000000005,98.24000000000001,93.696434,Low
C1271,0,10,107.43800000000002,1074.38,1076.3185,Very High
C1272,89,10,142.682,1426.82,1428.2363,Very High
C1273,102,10,105.191,1051.91,1054.9073,Very High
C1274,125,6,83.38166666666667,500.29,501.11877,Medium
C1275,53,4,50.2625,201.05,198.01915,Low
C1276,43,7,71.32285714285715,499.26,498.24225,Medium
C1277,83,5,66.074,330.37,327.25662,Medium
C1278,93,4,111.48,445.92,448.49106,Medium
C1279,12,6,72.76833333333333,436.61,435.56787,Medium
C1280,137,4,57.72,230.88,230.59013,Low
C1281,25,4,67.9825,271.93,279.6168,Medium
C1282,70,4,132.91,531.64,529.071,High
C1283,439,3,83.67,251.01,248.83241,Low
C1284,16,4,89.43,357.72,356.85614,Medium
C1285,262,8,88.19624999999999,705.5699999999999,705.2932,High
C1286,62,3,53.49666666666667,160.49,162.06215,Low
C1287,224,3,104.43333333333334,313.3,313.27533,Medium
C1288,35,6,69.28166666666667,415.69,413.25812,Medium
C1289,126,5,134.938,674.6899999999999,648.2755,High
C1290,292,2,21.580000000000002,43.160000000000004,41.50526,Low
C1291,9,10,93.308,933.08,931.8837,Very High
C1292,206,10,96.462,964.62,955.5424,Very High
C1293,3,6,101.39833333333333,608.39,606.1252,High
C1294,281,1,81.32,81.32,80.18329,Low
C1295,85,7,94.19857142857143,659.39,656.3468,High
C1296,635,1,124.53,124.53,124.547325,Low
C1297,404,1,29.37,29.37,29.163778,Low
C1298,43,6,97.96,587.76,593.2747,High
C1299,31,9,74.89,674.01,668.34064,High
C1300,171,4,81.13499999999999,324.53999999999996,314.59048,Medium
C1301,93,4,129.63,518.52,517.0415,High
C1302,26,9,92.40555555555557,831.6500000000001,828.28625,Very High
C1303,101,7,129.11428571428573,903.8000000000001,911.5441,Very High
C1304,214,4,65.525,262.1,263.16763,Medium
C1305,280,5,110.826,554.13,555.3567,High
C1306,873,1,60.55,60.55,63.664413,Low
C1307,15,6,71.00166666666667,426.01,424.15213,Medium
C1308,160,1,12.12,12.12,12.497837,Low
C1309,258,4,141.42,565.68,567.23895,High
C1310,31,6,128.48166666666665,770.89,773.6285,Very High
C1311,138,2,108.09,216.18,213.4094,Low
C1312,150,5,33.238,166.19,166.6324,Low
C1313,115,8,98.5,788.0,790.9166,Very High
C1314,329,1,280.62,280.62,280.90332,Medium
C1315,22,10,117.78899999999999,1177.8899999999999,1183.7863,Very High
C1316,273,6,181.04666666666665,1086.28,1089.087,Very High
C1317,110,6,34.56333333333333,207.38,206.88817,Low
C1318,132,2,98.96,197.92,196.5142,Low
C1319,158,10,89.904,899.04,900.9889,Very High
C1320,615,1,2.12,2.12,2.043042,Low
C1321,97,6,120.97500000000001,725.85,724.925,High
C1322,102,3,73.60666666666667,220.82,216.92046,Low
C1323,189,3,23.45,70.35,70.26094,Low
C1324,25,8,83.55125,668.41,660.2179,High
C1325,180,8,95.45875,763.67,765.6867,High
C1326,439,2,3.06,6.12,6.8390675,Low
C1327,362,8,102.29124999999999,818.3299999999999,819.80865,Very High
C1328,49,9,98.74111111111111,888.67,886.6445,Very High
C1329,20,8,137.395,1099.16,1098.5388,Very High
C1330,35,3,93.85333333333334,281.56,279.99088,Medium
C1331,218,6,149.71333333333334,898.28,879.0073,Very High
C1332,234,1,43.92,43.92,42.889305,Low
C1333,5,7,109.62571428571428,767.38,767.3012,High
C1334,55,8,68.91125,551.29,552.89813,High
C1335,251,6,50.178333333333335,301.07,300.0086,Medium
C1336,109,8,45.03625,360.29,354.09506,Medium
C1337,535,2,102.075,204.15,201.87056,Low
C1338,381,3,62.68333333333333,188.04999999999998,186.44518,Low
C1339,32,2,35.36,70.72,71.021324,Low
C1340,7,9,71.20555555555556,640.85,637.5933,High
C1341,60,9,115.6588888888889,1040.93,1042.1832,Very High
C1342,112,3,88.76666666666667,266.3,268.40918,Medium
C1343,371,5,65.92,329.6,325.68524,Medium
C1344,56,6,170.61166666666665,1023.67,1039.0594,Very High
C1345,92,2,35.08,70.16,70.174866,Low
C1346,28,9,85.63777777777779,770.74,772.7429,Very High
C1347,148,9,102.71777777777778,924.46,923.19586,Very High
C1348,31,7,88.64571428571428,620.52,618.84143,High
C1349,192,3,98.81666666666666,296.45,296.79004,Medium
C1350,9,8,98.96000000000001,791.6800000000001,792.84454,Very High
C1351,149,8,89.735,717.88,726.0491,High
C1352,269,3,192.14666666666668,576.44,579.4632,High
C1353,856,1,14.99,14.99,17.40923,Low
C1354,382,2,20.7,41.4,41.207172,Low
C1355,14,6,100.78833333333334,604.73,605.3237,High
C1356,127,4,54.9025,219.61,218.69489,Low
C1357,176,6,43.33833333333333,260.03,260.70047,Medium
C1358,96,4,80.215,320.86,318.60767,Medium
C1359,32,1,29.66,29.66,28.908634,Low
C1360,398,2,104.555,209.11,209.0797,Low
C1361,555,1,30.06,30.06,29.395952,Low
C1362,167,3,49.98666666666666,149.95999999999998,152.3003,Low
C1363,2,4,145.04,580.16,579.2773,High
C1364,298,7,48.65,340.55,342.9374,Medium
C1365,281,2,71.35,142.7,143.00009,Low
C1366,118,8,125.22875,1001.83,991.3333,Very High
C1367,117,7,42.941428571428574,300.59000000000003,299.0382,Medium
C1368,469,3,114.54,343.62,347.49127,Medium
C1369,344,1,77.13,77.13,75.64417,Low
C1370,183,7,100.18000000000002,701.2600000000001,697.35645,High
C1371,121,2,273.345,546.69,546.09686,High
C1372,60,9,106.33222222222223,956.99,956.0003,Very High
C1373,33,6,151.34333333333333,908.0600000000001,917.00073,Very High
C1374,553,4,61.49250000000001,245.97000000000003,237.2787,Low
C1375,129,6,88.78833333333334,532.73,532.7065,High
C1376,32,7,151.63857142857142,1061.47,1062.1958,Very High
C1377,160,7,138.02857142857144,966.2,967.73627,Very High
C1378,210,7,84.03571428571429,588.25,585.4202,High
C1379,48,10,67.584,675.84,673.8633,High
C1380,44,10,75.276,752.76,755.3385,High
C1381,145,8,85.17750000000001,681.4200000000001,679.12994,High
C1382,97,4,37.68,150.72,147.29036,Low
C1383,70,7,60.31571428571429,422.21000000000004,433.69894,Medium
C1384,5,3,120.31,360.93,361.3107,Medium
C1385,12,6,68.85000000000001,413.1,411.13095,Medium
C1386,20,7,44.019999999999996,308.14,304.59772,Medium
C1387,115,4,54.04,216.16,215.69131,Low
C1388,89,8,72.26625,578.13,576.3199,High
C1389,206,8,95.80874999999999,766.4699999999999,767.2368,High
C1390,64,7,83.96571428571428,587.76,586.40045,High
C1391,458,5,103.024,515.12,514.511,High
C1392,100,8,78.28625,626.29,624.1269,High
C1393,39,10,96.337,963.37,945.6729,Very High
C1394,76,5,37.778,188.89,186.74901,Low
C1395,26,5,102.48200000000001,512.4100000000001,511.503,High
C1396,179,6,88.75833333333333,532.55,532.0866,High
C1397,79,5,60.188,300.94,297.51514,Medium
C1398,37,10,61.766999999999996,617.67,613.9907,High
C1399,114,3,76.72,230.16,235.8031,Low
C1400,44,5,171.584,857.92,856.198,Very High
C1401,139,2,32.54,65.08,64.07266,Low
C1402,740,1,258.55,258.55,257.1403,Medium
C1403,83,5,79.49600000000001,397.48,397.47305,Medium
C1404,291,10,113.85499999999999,1138.55,1139.8833,Very High
C1405,27,9,110.73111111111112,996.58,998.9481,Very High
C1406,661,1,187.91,187.91,187.00194,Low
C1407,59,7,96.26714285714286,673.87,673.8073,High
C1408,35,5,101.548,507.74,508.68307,High
C1409,32,10,144.733,1447.33,1446.6729,Very High
C1410,108,9,90.16333333333334,811.47,814.5625,Very High
C1411,150,4,17.755,71.02,72.475266,Low
C1412,194,3,155.1966666666667,465.59000000000003,470.53644,Medium
C1413,44,4,95.185,380.74,377.2797,Medium
C1414,191,8,140.20125,1121.61,1087.42,Very High
C1415,26,1,199.25,199.25,199.07901,Low
C1416,292,2,67.725,135.45,141.24506,Low
C1417,172,8,93.9425,751.54,751.87585,High
C1418,12,4,57.72,230.88,231.0206,Low
C1419,102,2,51.51,103.02,104.099335,Low
C1420,155,9,100.84444444444445,907.6,904.4141,Very High
C1421,227,4,125.8525,503.41,504.88867,High
C1422,434,1,56.71,56.71,60.169476,Low
C1423,76,1,64.81,64.81,64.33656,Low
C1424,186,10,136.941,1369.41,1368.4688,Very High
C1425,135,3,67.88000000000001,203.64000000000001,201.52425,Low
C1426,31,6,122.64833333333333,735.89,736.04865,High
C1427,669,3,138.94333333333333,416.83,411.51385,Medium
C1428,43,9,153.56666666666666,1382.1,1383.6644,Very High
C1429,180,9,89.08222222222223,801.74,796.7795,Very High
C1430,85,6,48.151666666666664,288.90999999999997,288.53888,Medium
C1431,0,2,231.885,463.77,464.49985,Medium
C1432,58,7,104.25428571428571,729.78,736.6383,High
C1433,491,2,149.03,298.06,285.4976,Medium
C1434,64,4,114.72250000000001,458.89000000000004,455.65735,Medium
C1435,260,6,86.71499999999999,520.29,521.08496,High
C1436,206,7,110.07857142857144,770.5500000000001,770.8555,High
C1437,365,6,96.02833333333332,576.17,572.1011,High
C1438,361,1,29.3,29.3,29.163778,Low
C1439,280,2,18.330000000000002,36.660000000000004,36.952023,Low
C1440,11,6,91.16833333333334,547.01,547.70044,High
C1441,34,6,71.16666666666667,427.0,423.66904,Medium
C1442,110,1,0.99,0.99,1.5834494,Low
C1443,346,4,118.895,475.58,475.81125,Medium
C1444,41,10,96.834,968.34,975.8382,Very High
C1445,6,10,92.82900000000001,928.2900000000001,928.6289,Very High
C1446,28,6,73.04333333333334,438.26,434.23547,Medium
C1447,94,7,74.57000000000001,521.99,528.3548,High
C1448,270,3,110.29333333333334,330.88,329.3035,Medium
C1449,321,7,82.99285714285715,580.95,580.6392,High
C1450,315,2,125.445,250.89,251.71649,Medium
C1451,243,3,219.05666666666664,657.17,653.0953,High
C1452,357,3,34.21333333333333,102.64,104.53115,Low
C1453,859,1,52.41,52.41,52.029804,Low
C1454,209,6,94.78333333333335,568.7,572.05505,High
C1455,177,4,77.14,308.56,308.80933,Medium
C1456,465,2,127.92,255.84,254.43634,Medium
C1457,191,4,267.0325,1068.13,1067.0974,Very High
C1458,224,5,49.354,246.76999999999998,247.79951,Low
C1459,672,4,164.6725,658.69,658.4364,High
C1460,27,10,92.931,929.31,929.4545,Very High
C1461,32,9,189.29888888888888,1703.69,1702.804,Very High
C1462,7,9,69.66111111111111,626.95,625.9429,High
C1463,54,9,114.40888888888887,1029.6799999999998,1025.1157,Very High
C1464,117,4,161.215,644.86,652.65155,High
C1465,35,7,77.62428571428572,543.37,545.9769,High
C1466,101,9,125.0111111111111,1125.1,1126.53,Very High
C1467,425,2,42.775,85.55,86.32442,Low
C1468,80,4,63.34,253.36,257.29578,Medium
C1469,151,7,88.25999999999999,617.8199999999999,617.79315,High
C1470,346,2,19.685,39.37,38.344795,Low
C1471,58,4,69.27,277.08,280.4043,Medium
C1472,124,3,24.62,73.86,72.23964,Low
C1473,781,1,25.65,25.65,25.905684,Low
C1474,13,10,144.725,1447.25,1447.9119,Very High
C1475,19,9,103.24333333333334,929.19,924.3752,Very High
C1476,6,3,111.89333333333333,335.68,337.83627,Medium
C1477,15,4,103.595,414.38,415.278,Medium
C1478,231,5,118.096,590.48,595.76886,High
C1479,406,2,99.865,199.73,194.17847,Low
C1480,35,9,112.70666666666666,1014.36,1009.0449,Very High
C1481,45,10,165.703,1657.03,1657.9786,Very High
C1482,396,1,92.71,92.71,94.39681,Low
C1483,187,7,82.48142857142857,577.37,577.1526,High
C1484,37,9,124.29777777777775,1118.6799999999998,1120.7833,Very High
C1485,89,7,76.44428571428571,535.11,534.8987,High
C1486,86,2,25.08,50.16,49.453297,Low
C1487,38,7,81.62714285714286,571.39,575.1122,High
C1488,99,10,130.424,1304.24,1299.7911,Very High
C1489,45,10,124.51199999999999,1245.12,1241.681,Very High
C1490,356,2,5.345,10.69,10.942709,Low
C1491,52,8,80.35125000000001,642.8100000000001,636.69257,High
C1492,46,7,68.33428571428571,478.34000000000003,475.82468,Medium
C1493,119,5,111.502,557.51,555.5644,High
C1494,152,8,179.77125,1438.17,1412.0532,Very High
C1495,263,5,101.03200000000001,505.16,511.35394,High
C1496,220,5,98.744,493.72,495.28165,Medium
C1497,61,10,82.865,828.65,827.1405,Very High
C1498,152,8,107.80625,862.45,864.1617,Very High
C1499,49,9,98.23777777777778,884.14,883.76495,Very High
C1500,217,7,87.57000000000001,612.99,614.7631,High
C1501,130,4,75.83,303.32,306.57202,Medium
C1502,27,8,56.32,450.56,454.86978,Medium
C1503,288,1,116.98,116.98,116.62247,Low
C1504,356,3,150.80333333333334,452.41,456.3531,Medium
C1505,95,4,84.115,336.46,344.6928,Medium
C1506,67,6,103.13666666666667,618.82,614.0315,High
C1507,169,6,69.24833333333333,415.49,409.749,Medium
C1508,2,6,118.96999999999998,713.8199999999999,714.7582,High
C1509,81,3,321.55,964.65,963.8134,Very High
C1510,203,7,74.6842857142857,522.79,529.0175,High
C1511,37,6,46.653333333333336,279.92,279.72177,Medium
C1512,397,2,35.455,70.91,70.674706,Low
C1513,87,3,126.32000000000001,378.96000000000004,377.27252,Medium
C1514,180,3,155.36333333333334,466.09000000000003,469.12006,Medium
C1515,222,5,14.645999999999997,73.22999999999999,74.231255,Low
C1516,325,1,17.38,17.38,16.474798,Low
C1517,31,6,95.04166666666667,570.25,571.99756,High
C1518,464,1,155.13,155.13,153.50243,Low
C1519,30,3,15.493333333333334,46.480000000000004,50.11626,Low
C1520,36,8,65.39125,523.13,517.7523,High
C1521,84,10,65.99,659.9,660.299,High
C1522,9,8,108.67,869.36,871.52826,Very High
C1523,6,10,110.627,1106.27,1108.3585,Very High
C1524,162,8,62.055,496.44,491.79584,Medium
C1525,106,6,142.59333333333333,855.56,855.6343,Very High
C1526,370,6,92.35000000000001,554.1,545.4104,High
C1527,95,5,90.60999999999999,453.04999999999995,450.70346,Medium
C1528,116,4,130.9475,523.79,523.0348,High
C1529,73,8,76.53125,612.25,612.37054,High
C1530,27,9,94.74444444444445,852.7,856.71594,Very High
C1531,703,1,385.94,385.94,386.19873,Medium
C1532,56,6,63.41833333333333,380.51,380.6389,Medium
C1533,60,6,186.73666666666668,1120.42,1121.9072,Very High
C1534,423,7,114.51285714285714,801.59,800.9227,Very High
C1535,225,2,89.64999999999999,179.29999999999998,185.2723,Low
C1536,604,1,247.62,247.62,247.45583,Low
C1537,21,5,154.034,770.17,765.6385,High
C1538,41,6,142.85166666666666,857.11,860.66187,Very High
C1539,282,2,73.96,147.92,147.69415,Low
C1540,70,1,58.51,58.51,59.27407,Low
C1541,19,8,151.9775,1215.82,1211.9502,Very High
C1542,23,10,48.708,487.08,487.17966,Medium
C1543,36,9,69.00444444444445,621.04,619.26575,High
C1544,189,4,50.8825,203.53,198.2589,Low
C1545,179,6,57.78666666666666,346.71999999999997,348.64886,Medium
C1546,53,1,31.2,31.2,30.557701,Low
C1547,50,4,112.8075,451.23,451.6766,Medium
C1548,8,10,91.536,915.36,913.5818,Very High
C1549,2,4,37.595,150.38,150.34277,Low
C1550,204,1,58.65,58.65,60.169224,Low
C1551,241,4,139.8775,559.51,560.01086,High
C1552,140,8,126.15625,1009.25,1008.70764,Very High
C1553,521,2,264.36,528.72,528.35596,High
C1554,37,4,252.815,1011.26,1017.16437,Very High
C1555,265,6,166.54333333333332,999.26,980.85156,Very High
C1556,55,4,221.755,887.02,890.90814,Very High
C1557,253,1,27.53,27.53,27.270319,Low
C1558,59,10,68.608,686.08,686.26666,High
C1559,204,4,94.305,377.22,373.89368,Medium
C1560,96,4,59.587500000000006,238.35000000000002,239.03242,Low
C1561,150,8,100.98625,807.89,811.34674,Very High
C1562,45,8,143.1575,1145.26,1144.7299,Very High
C1563,131,9,88.53222222222222,796.79,795.2111,Very High
C1564,10,10,92.664,926.64,927.0175,Very High
C1565,57,8,76.48125,611.85,611.85187,High
C1566,65,6,68.31333333333333,409.88,410.09186,Medium
C1567,165,10,97.18199999999999,971.8199999999999,976.32404,Very High
C1568,163,7,69.38428571428571,485.68999999999994,487.2405,Medium
C1569,18,6,91.88333333333333,551.3,551.22,High
C1570,31,3,58.94,176.82,174.83606,Low
C1571,319,7,60.01714285714286,420.12,425.36514,Medium
C1572,164,2,33.805,67.61,63.68518,Low
C1573,96,3,89.58999999999999,268.77,268.58307,Medium
C1574,306,5,103.26199999999999,516.31,517.4741,High
C1575,180,4,55.03,220.12,218.8015,Low
C1576,115,2,21.305,42.61,41.944206,Low
C1577,180,10,105.77000000000001,1057.7,1058.2351,Very High
C1578,298,6,198.73166666666665,1192.3899999999999,1189.7191,Very High
C1579,123,4,114.0325,456.13,455.34137,Medium
C1580,30,3,55.39666666666667,166.19,166.68854,Low
C1581,111,7,103.2,722.4,723.14056,High
C1582,127,4,35.295,141.18,133.26518,Low
C1583,511,1,10.39,10.39,9.784268,Low
C1584,87,10,96.651,966.51,933.593,Very High
C1585,18,6,205.94833333333335,1235.69,1301.856,Very High
C1586,91,8,98.36999999999999,786.9599999999999,787.7819,Very High
C1587,37,10,97.30499999999999,973.05,975.41254,Very High
C1588,151,7,85.7942857142857,600.56,606.7745,High
C1589,424,5,38.78,193.9,197.97174,Low
C1590,37,9,137.94,1241.46,1239.8741,Very High
C1591,570,1,11.84,11.84,13.0845585,Low
C1592,26,8,102.36875,818.95,821.3372,Very High
C1593,10,5,146.348,731.74,734.9471,High
C1594,44,5,69.902,349.51,354.67566,Medium
C1595,102,6,102.33999999999999,614.04,610.3491,High
C1596,167,10,57.654999999999994,576.55,573.5361,High
C1597,319,5,140.376,701.88,700.6837,High
C1598,67,7,92.20714285714287,645.45,646.47205,High
C1599,40,9,116.21444444444445,1045.93,1049.1958,Very High
C1600,218,1,118.38,118.38,114.42987,Low
C1601,98,6,118.39333333333333,710.36,715.1605,High
C1602,11,3,45.303333333333335,135.91,142.63817,Low
C1603,117,4,89.6475,358.59,359.49664,Medium
C1604,61,9,75.01333333333334,675.12,670.5224,High
C1605,87,9,93.81777777777778,844.36,846.18964,Very High
C1606,252,3,78.67,236.01000000000002,238.3435,Low
C1607,250,5,81.58200000000001,407.91,404.26974,Medium
C1608,153,10,74.294,742.9399999999999,740.9137,High
C1609,556,1,85.33,85.33,85.31104,Low
C1610,534,1,134.05,134.05,140.36906,Low
C1611,161,7,72.84428571428572,509.91,506.9229,High
C1612,114,4,98.32499999999999,393.29999999999995,394.85358,Medium
C1613,137,6,78.29666666666667,469.78000000000003,474.8871,Medium
C1614,60,7,80.54285714285713,563.8,562.394,High
C1615,68,8,66.805,534.44,536.06647,High
C1616,41,6,154.45666666666668,926.74,926.5414,Very High
C1617,80,9,80.7011111111111,726.31,730.0486,High
C1618,243,5,148.36399999999998,741.8199999999999,754.2733,High
C1619,24,6,164.245,985.47,983.68964,Very High
C1620,86,8,119.76625,958.13,933.9544,Very High
C1621,9,6,118.195,709.17,710.6231,High
C1622,82,7,78.09285714285714,546.65,548.40594,High
C1623,12,8,71.0825,568.66,570.26166,High
C1624,19,9,77.58222222222223,698.24,700.519,High
C1625,2,7,140.58142857142857,984.0699999999999,982.641,Very High
C1626,75,10,108.05199999999999,1080.52,1082.7843,Very High
C1627,320,2,4.905,9.81,10.307253,Low
C1628,820,1,144.22,144.22,156.03743,Low
C1629,641,1,107.6,107.6,107.75913,Low
C1630,71,9,87.69555555555556,789.26,793.18695,Very High
C1631,237,10,60.49300000000001,604.9300000000001,603.51385,High
C1632,167,7,89.87714285714286,629.14,630.0021,High
C1633,341,3,93.36666666666667,280.1,279.74487,Medium
C1634,51,9,122.5688888888889,1103.1200000000001,1106.9974,Very High
C1635,7,3,100.21,300.63,300.60187,Medium
C1636,333,1,68.58,68.58,69.604256,Low
C1637,140,5,151.14,755.6999999999999,735.88605,High
C1638,231,5,58.402,292.01,289.41943,Medium
C1639,30,8,73.05625,584.45,590.36304,High
C1640,114,1,55.13,55.13,53.115986,Low
C1641,31,5,106.596,532.98,533.7022,High
C1642,54,6,62.251666666666665,373.51,376.12448,Medium
C1643,43,5,55.678,278.39,280.2734,Medium
C1644,193,5,85.562,427.81,425.73935,Medium
C1645,48,3,139.56666666666666,418.7,418.98587,Medium
C1646,22,5,43.758,218.79000000000002,218.48334,Low
C1647,217,3,37.43,112.29,115.9512,Low
C1648,121,5,158.56,792.8,794.2307,Very High
C1649,15,6,193.46833333333333,1160.81,1157.4901,Very High
C1650,207,1,170.32,170.32,170.47342,Low
C1651,163,6,81.97166666666666,491.83,496.3771,Medium
C1652,281,2,91.965,183.93,185.30539,Low
C1653,632,1,325.5,325.5,325.16107,Medium
C1654,177,3,78.01333333333334,234.04,238.74171,Low
C1655,105,2,39.1,78.2,79.69312,Low
C1656,243,1,110.49,110.49,108.702354,Low
C1657,108,4,61.894999999999996,247.57999999999998,246.33806,Low
C1658,47,10,127.66100000000002,1276.6100000000001,1277.292,Very High
C1659,34,2,121.905,243.81,245.20688,Low
C1660,65,8,71.3775,571.02,570.3876,High
C1661,147,9,110.89333333333333,998.04,1000.5428,Very High
C1662,26,5,56.734,283.67,283.7196,Medium
C1663,849,1,69.38,69.38,69.634445,Low
C1664,40,8,96.4375,771.5,770.64355,High
C1665,219,4,79.68,318.72,318.32434,Medium
C1666,47,8,202.52999999999997,1620.2399999999998,1622.073,Very High
C1667,32,7,92.05571428571429,644.39,642.75226,High
C1668,60,9,141.54444444444445,1273.9,1279.9135,Very High
C1669,35,9,150.56666666666666,1355.1,1354.325,Very High
C1670,185,2,85.75999999999999,171.51999999999998,175.97891,Low
C1671,153,1,12.77,12.77,12.533412,Low
C1672,679,1,115.66,115.66,114.68055,Low
C1673,152,8,72.105,576.84,578.2824,High
C1674,614,5,109.94800000000001,549.74,550.06805,High
C1675,19,8,137.015,1096.12,1097.9412,Very High
C1676,52,2,27.560000000000002,55.120000000000005,56.023403,Low
C1677,467,1,7.51,7.51,7.3222375,Low
C1678,69,9,115.4088888888889,1038.68,1044.3165,Very High
C1679,38,6,31.388333333333332,188.32999999999998,188.00482,Low
C1680,179,6,98.41333333333331,590.4799999999999,591.9685,High
C1681,22,7,62.27285714285714,435.90999999999997,436.47122,Medium
C1682,340,3,64.53666666666666,193.60999999999999,192.87999,Low
C1683,70,8,59.37375,474.99,476.313,Medium
C1684,69,6,167.77166666666668,1006.63,1016.2995,Very High
C1685,381,2,82.97,165.94,166.8641,Low
C1686,50,7,81.42285714285715,569.96,574.4524,High
C1687,52,8,84.15125,673.21,674.3574,High
C1688,141,4,14.595,58.38,58.054905,Low
C1689,11,8,139.43125,1115.45,1112.7587,Very High
C1690,201,5,78.488,392.44,393.94864,Medium
C1691,44,6,97.54,585.24,590.5697,High
C1692,77,6,86.33333333333333,518.0,520.7928,High
C1693,67,8,102.74875,821.99,831.02454,Very High
C1694,35,7,101.76714285714286,712.37,714.6248,High
C1695,174,9,73.0988888888889,657.89,661.1543,High
C1696,337,3,51.546666666666674,154.64000000000001,158.71716,Low
C1697,121,1,7.82,7.82,7.699336,Low
C1698,271,6,163.74833333333333,982.49,980.8154,Very High
C1699,19,3,82.79666666666667,248.39,246.23244,Low
C1700,25,8,67.3575,538.86,536.3635,High
C1701,200,4,86.7975,347.19,344.9815,Medium
C1702,171,4,42.4125,169.65,169.28513,Low
C1703,161,6,148.53833333333333,891.23,887.798,Very High
C1704,110,10,148.129,1481.29,1480.264,Very High
C1705,146,5,90.708,453.54,453.07416,Medium
C1706,19,10,104.626,1046.26,1043.6647,Very High
C1707,25,9,150.67999999999998,1356.12,1355.0189,Very High
C1708,64,4,164.6,658.4,659.6731,High
C1709,205,4,119.515,478.06,477.59775,Medium
C1710,4,10,135.744,1357.44,1358.1007,Very High
C1711,1,8,96.70875,773.67,772.5679,Very High
C1712,42,6,96.11166666666668,576.6700000000001,575.78046,High
C1713,25,7,101.48285714285714,710.38,703.9327,High
C1714,86,2,93.15499999999999,186.30999999999997,185.78438,Low
C1715,33,6,79.20666666666666,475.24,475.1866,Medium
C1716,554,3,28.833333333333332,86.5,86.30361,Low
C1717,109,4,76.22999999999999,304.91999999999996,306.49362,Medium
C1718,60,1,169.41,169.41,168.77391,Low
C1719,212,10,119.24600000000001,1192.46,1195.7986,Very High
C1720,58,3,180.71666666666667,542.15,545.1815,High
C1721,44,9,105.78444444444443,952.06,952.6814,Very High
C1722,243,6,104.13833333333334,624.83,625.227,High
C1723,38,9,66.70222222222222,600.3199999999999,611.7429,High
C1724,705,1,9.57,9.57,9.680074,Low
C1725,185,6,101.515,609.09,607.93066,High
C1726,185,6,21.238333333333333,127.43,122.010666,Low
C1727,248,1,27.57,27.57,28.842623,Low
C1728,42,10,70.797,707.97,706.54266,High
C1729,105,5,133.776,668.88,663.81793,High
C1730,467,5,171.778,858.89,853.96405,Very High
C1731,33,6,98.73333333333333,592.4,591.3799,High
C1732,114,8,51.675000000000004,413.40000000000003,411.3437,Medium
C1733,94,6,121.75666666666666,730.54,728.9966,High
C1734,64,10,65.78,657.8000000000001,660.56885,High
C1735,39,7,46.47571428571429,325.33000000000004,321.6944,Medium
C1736,164,2,210.775,421.55,424.07767,Medium
C1737,13,10,130.717,1307.17,1305.4233,Very High
C1738,74,5,140.494,702.47,702.46173,High
C1739,310,10,85.784,857.84,858.68286,Very High
C1740,261,8,65.2475,521.98,519.5472,High
C1741,41,7,114.15285714285714,799.07,802.2956,Very High
C1742,23,6,206.35,1238.1,1241.0063,Very High
C1743,82,6,81.78166666666667,490.69,499.32956,Medium
C1744,25,8,108.41375,867.31,872.138,Very High
C1745,3,7,114.29714285714284,800.0799999999999,801.4955,Very High
C1746,323,7,85.54714285714286,598.83,602.1115,High
C1747,144,7,91.44000000000001,640.08,639.0257,High
C1748,113,10,69.243,692.43,688.4121,High
C1749,87,5,95.292,476.46,482.12552,Medium
C1750,703,2,172.74,345.48,345.23776,Medium
C1751,54,7,161.10142857142858,1127.71,1124.1029,Very High
C1752,32,5,89.45200000000001,447.26000000000005,447.17822,Medium
C1753,67,4,126.55000000000001,506.20000000000005,508.42087,High
C1754,11,9,89.88000000000001,808.9200000000001,813.291,Very High
C1755,106,8,80.55375,644.43,639.6742,High
C1756,30,5,116.15599999999999,580.78,576.72,High
C1757,306,5,79.856,399.28,403.00723,Medium
C1758,225,4,154.2025,616.81,623.8322,High
C1759,171,9,64.5988888888889,581.39,606.95154,High
C1760,603,1,18.28,18.28,19.126719,Low
C1761,60,10,78.223,782.23,779.469,Very High
C1762,30,4,245.23749999999998,980.9499999999999,979.9538,Very High
C1763,43,9,89.0488888888889,801.44,798.159,Very High
C1764,67,8,77.9925,623.94,620.6215,High
C1765,184,6,84.985,509.90999999999997,510.39618,High
C1766,194,8,128.01625,1024.13,1018.642,Very High
C1767,29,7,80.09857142857143,560.69,559.30164,High
C1768,64,10,37.816,378.16,380.16077,Medium
C1769,406,4,91.3775,365.51,367.34778,Medium
C1770,202,3,124.12666666666668,372.38000000000005,370.4628,Medium
C1771,340,3,32.44,97.32,104.333405,Low
C1772,325,7,120.37714285714286,842.64,839.7864,Very High
C1773,527,6,106.09833333333331,636.5899999999999,637.6469,High
C1774,146,8,86.53,692.24,691.11865,High
C1775,141,2,199.435,398.87,399.26004,Medium
C1776,81,8,97.4,779.2,787.7089,Very High
C1777,39,8,124.2325,993.86,992.97406,Very High
C1778,420,3,75.48333333333333,226.45,220.59671,Low
C1779,366,3,201.53666666666666,604.61,605.045,High
C1780,248,10,74.801,748.01,739.23755,High
C1781,22,6,50.68,304.08,301.29825,Medium
C1782,3,5,74.346,371.73,359.1217,Medium
C1783,720,1,15.16,15.16,16.093374,Low
C1784,174,4,69.78,279.12,279.52634,Medium
C1785,72,8,70.9025,567.22,567.77625,High
C1786,335,1,123.55,123.55,122.10511,Low
C1787,1,5,31.578000000000003,157.89000000000001,134.67722,Low
C1788,51,6,45.92666666666667,275.56,274.27695,Medium
C1789,377,2,72.22,144.44,144.68387,Low
C1790,219,8,43.07875,344.63,338.8773,Medium
C1791,538,1,68.65,68.65,69.49914,Low
C1792,615,1,252.91,252.91,249.2016,Low
C1793,40,8,98.3725,786.98,790.632,Very High
C1794,193,7,63.86571428571428,447.06,443.50378,Medium
C1795,23,10,100.095,1000.95,999.6628,Very High
C1796,227,7,103.57285714285715,725.01,726.07355,High
C1797,31,7,93.17285714285715,652.21,652.4642,High
C1798,118,5,194.676,973.38,975.40826,Very High
C1799,305,4,37.879999999999995,151.51999999999998,149.16173,Low
C1800,180,8,136.095,1088.76,1085.5521,Very High
C1801,145,7,78.92428571428572,552.47,551.73926,High
C1802,19,10,75.586,755.86,756.8261,High
C1803,96,9,97.45333333333333,877.08,871.87885,Very High
C1804,27,5,51.77,258.85,258.6254,Medium
C1805,298,2,46.555,93.11,94.44424,Low
C1806,15,9,54.52111111111111,490.69,492.99557,Medium
C1807,142,7,72.17285714285715,505.21000000000004,502.54224,Medium
C1808,131,9,93.25,839.25,854.02075,Very High
C1809,5,4,175.105,700.42,699.7317,High
C1810,123,1,195.99,195.99,194.56511,Low
C1811,174,6,84.53,507.18,507.78552,High
C1812,25,9,111.01333333333334,999.12,998.9481,Very High
C1813,216,10,94.44500000000001,944.45,942.6899,Very High
C1814,52,8,141.94625,1135.57,1136.4081,Very High
C1815,64,3,182.97333333333333,548.92,550.0202,High
C1816,110,8,116.59,932.72,934.83215,Very High
C1817,180,5,62.616,313.08,313.08728,Medium
C1818,118,2,71.26,142.52,143.43996,Low
C1819,46,10,86.306,863.06,862.04004,Very High
C1820,180,5,163.486,817.43,813.3013,Very High
C1821,150,8,49.585,396.68,395.82227,Medium
C1822,111,9,113.77222222222223,1023.95,1024.139,Very High
C1823,76,4,141.98000000000002,567.9200000000001,569.7704,High
C1824,379,1,17.67,17.67,19.517448,Low
C1825,141,3,143.29333333333332,429.88,429.7412,Medium
C1826,483,1,0.38,0.38,0.36525622,Low
C1827,42,3,112.74666666666667,338.24,338.40143,Medium
C1828,71,10,46.341,463.41,465.0806,Medium
C1829,16,4,106.93,427.72,442.67685,Medium
C1830,91,5,102.64000000000001,513.2,514.3293,High
C1831,285,3,165.81666666666666,497.45,496.7904,Medium
C1832,147,7,77.12857142857142,539.9,537.45306,High
C1833,257,5,161.27799999999996,806.3899999999999,806.16034,Very High
C1834,330,4,115.4875,461.95,459.89944,Medium
C1835,326,8,102.03375,816.27,819.10394,Very High
C1836,721,1,29.93,29.93,29.332766,Low
C1837,300,8,94.835,758.68,762.8996,High
C1838,26,8,59.155,473.24,472.00992,Medium
C1839,21,8,112.185,897.48,896.88306,Very High
C1840,264,9,114.08666666666666,1026.78,1027.5762,Very High
C1841,27,6,64.98166666666667,389.89,388.74536,Medium
C1842,35,5,85.184,425.92,424.9852,Medium
C1843,131,3,103.64,310.92,311.1489,Medium
C1844,17,9,94.38888888888889,849.5,858.12836,Very High
C1845,109,6,35.94833333333333,215.69,213.21516,Low
C1846,12,5,76.202,381.01,382.22012,Medium
C1847,41,3,156.17666666666668,468.53000000000003,466.16266,Medium
C1848,54,7,150.01142857142855,1050.08,1053.0944,Very High
C1849,34,6,42.835,257.01,257.89288,Medium
C1850,126,4,70.9125,283.65,282.27588,Medium
C1851,149,8,55.458749999999995,443.66999999999996,445.3874,Medium
C1852,359,4,152.1575,608.63,606.92847,High
C1853,64,8,100.35374999999999,802.8299999999999,807.657,Very High
C1854,380,3,36.17666666666667,108.53,105.86922,Low
C1855,12,8,114.74375,917.95,914.3242,Very High
C1856,715,1,299.71,299.71,300.43948,Medium
C1857,68,7,69.17999999999999,484.26,491.64853,Medium
C1858,252,2,31.714999999999996,63.42999999999999,63.286427,Low
C1859,150,7,194.07714285714286,1358.54,1356.5588,Very High
C1860,509,1,92.66,92.66,93.104965,Low
C1861,262,9,77.87222222222222,700.85,703.2177,High
C1862,363,2,103.735,207.47,203.02744,Low
C1863,79,10,72.429,724.29,718.33514,High
C1864,45,6,43.85666666666666,263.14,262.5464,Medium
C1865,50,10,49.442,494.42,490.3557,Medium
C1866,33,9,131.18555555555557,1180.67,1178.5607,Very High
C1867,31,2,200.91,401.82,401.51642,Medium
C1868,88,9,123.92777777777779,1115.3500000000001,1116.9312,Very High
C1869,106,7,83.44285714285715,584.1,583.8618,High
C1870,89,7,92.77285714285713,649.41,650.2803,High
C1871,52,7,79.19714285714285,554.38,553.7721,High
C1872,29,3,58.89333333333334,176.68,175.92276,Low
C1873,260,4,39.5,158.0,159.27539,Low
C1874,236,1,37.55,37.55,36.34376,Low
C1875,495,4,138.8625,555.45,560.9009,High
C1876,483,3,108.19666666666667,324.59000000000003,325.24487,Medium
C1877,111,4,81.44,325.76,319.06094,Medium
C1878,138,6,62.59666666666667,375.58000000000004,377.2852,Medium
C1879,87,5,59.61,298.05,281.0015,Medium
C1880,55,5,64.026,320.13,315.11945,Medium
C1881,330,5,70.208,351.04,355.00226,Medium
C1882,10,9,68.13111111111111,613.18,616.13525,High
C1883,608,1,102.17,102.17,102.707756,Low
C1884,185,5,102.848,514.24,516.763,High
C1885,55,5,71.35799999999999,356.78999999999996,363.65463,Medium
C1886,12,7,50.92857142857143,356.5,367.3168,Medium
C1887,204,9,81.68666666666667,735.18,739.8325,High
C1888,144,9,76.86222222222221,691.76,697.2137,High
C1889,128,10,110.449,1104.49,1103.4156,Very High
C1890,480,1,28.1,28.1,28.416206,Low
C1891,379,6,88.565,531.39,531.59595,High
C1892,26,7,87.52714285714285,612.6899999999999,614.7292,High
C1893,11,7,63.07142857142857,441.5,438.2275,Medium
C1894,72,9,122.22888888888889,1100.06,1104.9283,Very High
C1895,469,4,199.8875,799.55,798.2188,Very High
C1896,96,4,165.39,661.56,660.37787,High
C1897,118,3,121.64,364.92,363.80164,Medium
C1898,210,4,39.705,158.82,158.79094,Low
C1899,607,2,29.41,58.82,58.650875,Low
C1900,576,2,62.71,125.42,125.45023,Low
C1901,9,9,105.39888888888889,948.59,952.62384,Very High
C1902,80,7,45.81285714285714,320.69,316.4682,Medium
C1903,28,9,122.19666666666666,1099.77,1102.3945,Very High
C1904,254,5,117.59399999999998,587.9699999999999,585.801,High
C1905,88,7,58.970000000000006,412.79,400.22214,Medium
C1906,62,7,114.31142857142856,800.18,804.3436,Very High
C1907,245,2,258.365,516.73,473.4021,Medium
C1908,266,9,71.38777777777779,642.49,639.9748,High
C1909,86,10,112.631,1126.31,1107.5586,Very High
C1910,74,4,134.86,539.44,536.31195,High
C1911,235,8,93.46375,747.71,749.8451,High
C1912,116,6,63.23,379.38,380.65497,Medium
C1913,65,3,114.79,344.37,344.90854,Medium
C1914,26,4,90.575,362.3,364.4314,Medium
C1915,52,9,91.12444444444445,820.12,822.0918,Very High
C1916,383,1,27.6,27.6,28.007908,Low
C1917,158,1,357.9,357.9,358.5161,Medium
C1918,552,2,211.14000000000001,422.28000000000003,422.40564,Medium
C1919,301,4,61.065,244.26,244.2038,Low
C1920,73,3,80.77666666666666,242.32999999999998,244.25578,Low
C1921,73,6,27.68166666666667,166.09,171.17676,Low
C1922,391,2,58.044999999999995,116.08999999999999,116.49701,Low
C1923,24,7,43.044285714285714,301.31,299.9866,Medium
C1924,92,6,155.89666666666668,935.38,939.7204,Very High
C1925,74,5,109.84400000000001,549.22,550.2325,High
C1926,46,7,49.81571428571429,348.71000000000004,349.46616,Medium
C1927,74,9,105.98333333333333,953.85,954.35297,Very High
C1928,355,3,120.73666666666668,362.21000000000004,361.57446,Medium
C1929,652,1,113.94,113.94,112.50799,Low
C1930,64,4,81.2175,324.87,317.64087,Medium
C1931,69,3,75.58,226.74,219.79225,Low
C1932,296,9,130.00777777777776,1170.07,1169.9075,Very High
C1933,47,7,118.21428571428571,827.5,826.00354,Very High
C1934,248,3,102.52,307.56,307.06155,Medium
C1935,46,7,82.20714285714287,575.45,576.1015,High
C1936,88,1,4.13,4.13,3.7594664,Low
C1937,41,10,94.45700000000001,944.57,937.75995,Very High
C1938,29,10,98.088,980.88,982.44464,Very High
C1939,100,6,149.76999999999998,898.6199999999999,891.362,Very High
C1940,88,4,87.0775,348.31,345.28342,Medium
C1941,118,6,129.89333333333335,779.36,778.0046,Very High
C1942,59,1,123.54,123.54,123.10667,Low
C1943,59,8,49.64375,397.15,397.2935,Medium
C1944,29,4,44.9475,179.79,179.49257,Low
C1945,210,9,183.05,1647.45,1646.4132,Very High
C1946,237,4,104.095,416.38,415.38837,Medium
C1947,86,6,91.425,548.55,548.6591,High
C1948,586,4,150.445,601.78,601.46747,High
C1949,110,3,106.51333333333332,319.53999999999996,318.46222,Medium
C1950,0,10,156.083,1560.83,1557.8762,Very High
C1951,199,8,126.13,1009.04,1009.0342,Very High
C1952,140,4,61.335,245.34,243.72525,Low
C1953,59,4,106.27250000000001,425.09000000000003,423.2703,Medium
C1954,101,6,198.64,1191.84,1191.144,Very High
C1955,76,6,58.074999999999996,348.45,348.78513,Medium
C1956,343,7,130.6942857142857,914.86,918.2212,Very High
C1957,16,9,108.62444444444445,977.62,975.9196,Very High
C1958,93,3,54.51,163.53,164.93774,Low
C1959,5,4,19.3975,77.59,77.3818,Low
C1960,198,8,69.00125,552.01,553.60803,High
C1961,44,1,2.67,2.67,2.4611092,Low
C1962,313,9,89.14888888888889,802.34,797.7465,Very High
C1963,72,8,83.46375,667.71,663.6916,High
C1964,83,5,129.11599999999999,645.5799999999999,641.2637,High
C1965,109,7,101.94857142857143,713.64,720.77435,High
C1966,50,4,50.4425,201.77,199.14731,Low
C1967,529,2,5.215,10.43,10.88714,Low
C1968,96,6,194.6883333333333,1168.1299999999999,1172.5822,Very High
C1969,91,4,193.5375,774.15,778.6745,Very High
C1970,452,1,468.87,468.87,467.5981,Medium
C1971,68,9,78.45333333333332,706.0799999999999,706.9175,High
C1972,310,2,43.800000000000004,87.60000000000001,87.21498,Low
C1973,547,1,39.34,39.34,39.303356,Low
C1974,546,2,53.535000000000004,107.07000000000001,104.15633,Low
C1975,152,7,72.21428571428571,505.5,503.69168,Medium
C1976,112,7,75.59285714285714,529.15,529.73224,High
C1977,186,5,106.744,533.72,536.0775,High
C1978,168,1,29.61,29.61,28.529293,Low
C1979,53,10,110.883,1108.83,1106.5251,Very High
C1980,19,10,27.982999999999997,279.83,279.7019,Medium
C1981,233,4,103.4975,413.99,414.50644,Medium
C1982,52,6,87.19333333333334,523.1600000000001,522.55743,High
C1983,2,5,109.38999999999999,546.9499999999999,547.0863,High
C1984,21,7,97.6842857142857,683.79,679.51953,High
C1985,80,9,144.58444444444444,1301.26,1300.8616,Very High
C1986,23,2,144.24,288.48,288.2489,Medium
C1987,15,8,61.386250000000004,491.09000000000003,485.51324,Medium
C1988,7,9,102.21555555555557,919.94,916.24475,Very High
C1989,75,7,96.97,678.79,676.4535,High
C1990,35,4,141.5925,566.37,569.1723,High
C1991,123,9,50.36111111111111,453.24999999999994,453.70905,Medium
C1992,201,5,121.024,605.12,605.8236,High
C1993,45,6,45.72833333333333,274.37,277.27908,Medium
C1994,288,5,36.936,184.68,185.35646,Low
C1995,40,9,104.29555555555555,938.66,932.0728,Very High
C1996,253,1,79.86,79.86,79.74877,Low
C1997,62,6,72.065,432.39,430.0622,Medium
C1998,351,5,136.00799999999998,680.04,683.98114,High
C1999,36,9,81.55888888888889,734.03,735.45135,High
C2000,275,4,77.415,309.66,310.41425,Medium
C2001,143,3,101.42,304.26,304.56317,Medium
C2002,24,2,139.875,279.75,279.16937,Medium
C2003,519,1,6.85,6.85,6.7158885,Low
C2004,93,2,211.11,422.22,425.97623,Medium
C2005,37,10,93.42999999999999,934.3,932.7477,Very High
C2006,210,2,58.029999999999994,116.05999999999999,116.44789,Low
C2007,345,4,72.795,291.18,291.92407,Medium
C2008,27,7,42.879999999999995,300.15999999999997,299.95694,Medium
C2009,62,7,79.42285714285715,555.96,557.1765,High
C2010,2,3,186.34333333333333,559.03,558.29736,High
C2011,350,2,58.325,116.65,116.78006,Low
C2012,91,10,120.407,1204.07,1204.932,Very High
C2013,119,10,120.473,1204.73,1205.7864,Very High
C2014,390,3,30.246666666666666,90.74,88.734535,Low
C2015,102,10,116.30199999999999,1163.02,1157.635,Very High
C2016,44,4,9.2225,36.89,37.372753,Low
C2017,82,7,49.93714285714286,349.56,350.3828,Medium
C2018,4,6,162.07000000000002,972.4200000000001,972.5834,Very High
C2019,350,1,138.41,138.41,139.02853,Low
C2020,107,1,162.09,162.09,162.17477,Low
C2021,38,10,94.51599999999999,945.16,939.6416,Very High
C2022,169,5,113.19200000000001,565.96,564.0268,High
C2023,122,3,48.593333333333334,145.78,143.34677,Low
C2024,7,8,143.81625,1150.53,1150.2874,Very High
C2025,55,4,151.36,605.44,604.84436,High
C2026,55,10,92.26700000000001,922.6700000000001,918.1741,Very High
C2027,182,5,104.126,520.63,522.11926,High
C2028,42,6,104.26333333333332,625.5799999999999,625.17535,High
C2029,334,5,117.638,588.19,583.69794,High
C2030,93,2,99.03,198.06,194.99275,Low
C2031,204,2,174.4,348.8,346.5539,Medium
C2032,16,3,56.26,168.78,168.07402,Low
C2033,22,10,115.46399999999998,1154.6399999999999,1140.0067,Very High
C2034,210,8,92.54625,740.37,739.7792,High
C2035,30,8,94.025,752.2,750.6166,High
C2036,443,2,104.35,208.7,199.85083,Low
C2037,704,1,110.24,110.24,110.500824,Low
C2038,95,8,87.33125,698.65,698.48145,High
C2039,431,1,11.72,11.72,12.28394,Low
C2040,240,3,60.876666666666665,182.63,184.55542,Low
C2041,163,3,132.60666666666665,397.82,402.95392,Medium
C2042,120,5,163.078,815.39,813.9753,Very High
C2043,299,5,70.496,352.47999999999996,355.85297,Medium
C2044,442,4,68.94,275.76,277.04077,Medium
C2045,258,10,97.604,976.04,977.74756,Very High
C2046,218,2,164.945,329.89,333.66367,Medium
C2047,30,2,14.84,29.68,28.571072,Low
C2048,12,9,36.656666666666666,329.90999999999997,328.9115,Medium
C2049,222,5,117.998,589.99,593.0881,High
C2050,11,8,84.935,679.48,675.9077,High
C2051,735,1,69.9,69.9,69.634445,Low
C2052,102,10,145.013,1450.13,1449.9382,Very High
C2053,176,4,120.295,481.18,478.19992,Medium
C2054,33,8,75.0425,600.34,596.40533,High
C2055,100,5,72.618,363.09,367.5987,Medium
C2056,486,1,92.91,92.91,92.88959,Low
C2057,407,3,80.29333333333334,240.88,241.81195,Low
C2058,59,2,242.63,485.26,484.05862,Medium
C2059,25,6,109.21833333333332,655.31,654.8633,High
C2060,551,4,59.89,239.56,240.26146,Low
C2061,455,4,60.8475,243.39,242.9307,Low
C2062,358,3,61.94,185.82,186.16693,Low
C2063,179,4,106.6125,426.45,442.87924,Medium
C2064,255,4,260.73,1042.92,1042.9756,Very High
C2065,538,4,119.17499999999998,476.69999999999993,476.3293,Medium
C2066,38,8,113.82875,910.63,913.21313,Very High
C2067,713,2,105.995,211.99,210.9154,Low
C2068,57,9,110.30333333333334,992.73,999.29803,Very High
C2069,297,1,153.04,153.04,149.81816,Low
C2070,97,1,54.1,54.1,53.213215,Low
C2071,83,5,85.98400000000001,429.92,430.47162,Medium
C2072,183,7,47.97571428571428,335.83,344.31528,Medium
C2073,117,4,37.075,148.3,147.91505,Low
C2074,45,7,122.7057142857143,858.94,851.50055,Very High
C2075,62,2,62.769999999999996,125.53999999999999,124.41919,Low
C2076,63,8,91.17375,729.39,731.9227,High
C2077,239,10,59.157000000000004,591.57,594.60565,High
C2078,28,5,51.448,257.24,256.5545,Medium
C2079,109,10,95.202,952.02,951.0095,Very High
C2080,40,7,115.48428571428572,808.39,811.41125,Very High
C2081,293,5,91.174,455.87,454.79095,Medium
C2082,13,9,107.53333333333333,967.8,967.5035,Very High
C2083,230,7,68.2357142857143,477.65000000000003,476.42065,Medium
C2084,121,2,128.655,257.31,252.52533,Medium
C2085,31,6,76.13499999999999,456.80999999999995,457.66028,Medium
C2086,9,8,91.34875,730.79,731.4832,High
C2087,614,1,60.87,60.87,63.414978,Low
C2088,52,9,138.2188888888889,1243.97,1241.7897,Very High
C2089,14,6,45.79333333333333,274.76,277.24344,Medium
C2090,9,9,125.89111111111112,1133.02,1132.5054,Very High
C2091,425,1,11.27,11.27,11.845483,Low
C2092,37,7,45.37,317.59,318.37576,Medium
C2093,503,1,7.9,7.9,6.989123,Low
C2094,164,2,21.02,42.04,41.626987,Low
C2095,94,3,157.0,471.0,470.6584,Medium
C2096,29,10,105.602,1056.02,1057.4248,Very High
C2097,67,6,108.92166666666667,653.53,654.1352,High
C2098,570,2,235.70499999999998,471.40999999999997,468.56088,Medium
C2099,215,4,73.39500000000001,293.58000000000004,291.39603,Medium
C2100,606,1,5.36,5.36,4.71669,Low
C2101,517,1,0.84,0.84,1.2490991,Low
C2102,79,10,122.721,1227.21,1226.9926,Very High
C2103,1,9,143.57222222222222,1292.15,1298.384,Very High
C2104,21,4,134.51749999999998,538.0699999999999,538.1828,High
C2105,46,7,65.15714285714286,456.1,449.5858,Medium
C2106,38,7,166.96857142857144,1168.78,1170.9464,Very High
C2107,33,10,100.274,1002.74,1000.86285,Very High
C2108,21,10,144.065,1440.6499999999999,1440.5349,Very High
C2109,11,5,85.992,429.96000000000004,429.5597,Medium
C2110,398,1,194.0,194.0,191.89366,Low
C2111,95,10,93.941,939.41,938.4933,Very High
C2112,404,3,134.37,403.11,402.33163,Medium
C2113,94,10,214.971,2149.71,2148.668,Very High
C2114,10,7,62.18857142857143,435.32,435.53864,Medium
C2115,242,3,49.60333333333333,148.81,152.29778,Low
C2116,36,5,74.88199999999999,374.40999999999997,359.12982,Medium
C2117,181,4,73.49249999999999,293.96999999999997,291.5805,Medium
C2118,230,3,175.46333333333334,526.39,542.1643,High
C2119,213,2,190.345,380.69,380.62192,Medium
C2120,280,4,56.93,227.72,235.25099,Low
C2121,254,1,38.68,38.68,37.51841,Low
C2122,85,9,74.07555555555557,666.6800000000001,667.0596,High
C2123,105,5,49.379999999999995,246.89999999999998,249.67516,Low
C2124,175,8,103.52875,828.23,829.604,Very High
C2125,474,1,172.12,172.12,173.56824,Low
C2126,94,10,90.217,902.17,902.3361,Very High
C2127,173,6,64.53166666666667,387.19,385.71432,Medium
C2128,1,7,100.34,702.38,700.97974,High
C2129,9,3,117.5,352.5,351.20227,Medium
C2130,86,4,87.605,350.42,349.63254,Medium
C2131,197,1,40.26,40.26,39.713184,Low
C2132,26,2,11.61,23.22,22.941032,Low
C2133,50,3,86.63666666666666,259.90999999999997,262.11356,Medium
C2134,35,9,60.433333333333344,543.9000000000001,552.6392,High
C2135,91,10,167.24,1672.4,1671.3446,Very High
C2136,67,4,209.06749999999997,836.2699999999999,832.92285,Very High
C2137,66,8,101.9275,815.42,825.18805,Very High
C2138,358,2,29.12,58.24,58.111458,Low
C2139,245,1,180.63,180.63,179.86879,Low
C2140,6,10,102.35,1023.5,1024.1664,Very High
C2141,66,7,56.96857142857142,398.78,393.54825,Medium
C2142,74,6,68.665,411.99,408.69815,Medium
C2143,313,3,97.14666666666666,291.44,290.3804,Medium
C2144,93,6,91.47833333333334,548.87,548.91095,High
C2145,131,10,165.03699999999998,1650.37,1651.0001,Very High
C2146,252,3,90.50666666666666,271.52,270.7097,Medium
C2147,178,8,41.83875,334.71,336.3548,Medium
C2148,535,1,31.65,31.65,31.553764,Low
C2149,34,9,122.22333333333333,1100.01,1102.8208,Very High
C2150,210,8,111.365,890.92,892.64276,Very High
C2151,294,7,125.71571428571428,880.01,878.4227,Very High
C2152,124,6,132.83833333333334,797.03,794.11786,Very High
C2153,380,3,69.53333333333335,208.60000000000002,204.40166,Low
C2154,94,10,91.017,910.17,907.8309,Very High
C2155,16,6,40.653333333333336,243.92000000000002,245.38387,Low
C2156,104,5,129.804,649.02,648.0691,High
C2157,602,2,47.795,95.59,94.96128,Low
C2158,114,3,51.06333333333333,153.19,154.02686,Low
C2159,186,2,215.14,430.28,430.23712,Medium
C2160,817,1,52.56,52.56,52.1441,Low
C2161,35,2,65.06,130.12,130.42656,Low
C2162,356,5,96.16799999999999,480.84,483.3743,Medium
C2163,14,7,96.33,674.31,672.3731,High
C2164,15,4,48.325,193.3,179.04298,Low
C2165,32,8,115.78125,926.25,931.7718,Very High
C2166,63,6,145.82333333333332,874.9399999999999,873.8629,Very High
C2167,98,9,51.84,466.56,463.84494,Medium
C2168,164,3,47.76666666666667,143.3,140.65643,Low
C2169,61,2,42.629999999999995,85.25999999999999,86.70658,Low
C2170,222,1,45.68,45.68,46.950302,Low
C2171,19,9,75.83,682.47,686.0857,High
C2172,128,4,118.945,475.78,475.6841,Medium
C2173,89,4,26.2125,104.85,104.923294,Low
C2174,190,8,100.0125,800.1,805.4323,Very High
C2175,94,8,62.815,502.52,492.64484,Medium
C2176,45,9,55.455555555555556,499.1,499.40393,Medium
C2177,142,8,123.525,988.2,990.19965,Very High
C2178,177,6,187.91833333333332,1127.51,1139.3613,Very High
C2179,29,7,140.43714285714285,983.06,973.6085,Very High
C2180,35,7,72.53857142857143,507.77,507.99472,High
C2181,19,5,63.51800000000001,317.59000000000003,317.1629,Medium
C2182,18,9,155.71333333333334,1401.42,1420.1016,Very High
C2183,127,10,80.679,806.79,811.51776,Very High
C2184,354,4,94.965,379.86,376.6622,Medium
C2185,52,8,59.62625,477.01,476.83362,Medium
C2186,61,4,159.235,636.94,642.6119,High
C2187,230,3,157.58666666666667,472.76,471.2379,Medium
C2188,332,8,104.35,834.8,833.4319,Very High
C2189,5,6,80.56166666666667,483.37,482.92264,Medium
C2190,110,9,103.22222222222223,929.0,922.50226,Very High
C2191,572,1,34.34,34.34,33.243443,Low
C2192,145,3,87.32333333333332,261.96999999999997,263.1076,Medium
C2193,144,3,76.57666666666667,229.73000000000002,237.02194,Low
C2194,851,1,38.75,38.75,37.003124,Low
C2195,849,1,7.45,7.45,7.2126093,Low
C2196,51,6,67.43333333333334,404.6,408.00842,Medium
C2197,90,7,67.91285714285713,475.39,473.61383,Medium
C2198,119,9,32.53,292.77000000000004,278.07843,Medium
C2199,534,6,92.87166666666667,557.23,557.75745,High
C2200,173,9,85.96777777777778,773.71,775.53424,Very High
C2201,194,8,61.911249999999995,495.28999999999996,493.88477,Medium
C2202,188,1,161.92,161.92,162.23553,Low
C2203,520,5,83.166,415.83,411.62802,Medium
C2204,223,5,178.148,890.74,893.9314,Very High
C2205,382,3,85.66333333333334,256.99,259.5168,Medium
C2206,43,10,102.602,1026.02,1024.8921,Very High
C2207,54,5,79.73400000000001,398.67,400.93277,Medium
C2208,665,5,79.348,396.74,396.8013,Medium
C2209,25,2,17.8,35.6,36.255272,Low
C2210,316,4,148.335,593.34,596.535,High
C2211,770,1,94.47,94.47,95.065414,Low
C2212,182,9,68.51888888888888,616.67,617.1286,High
C2213,59,10,138.857,1388.57,1385.0729,Very High
C2214,31,7,101.56428571428572,710.95,714.81104,High
C2215,207,7,91.54142857142857,640.79,641.71423,High
C2216,417,8,102.2025,817.62,818.51685,Very High
C2217,500,2,59.185,118.37,118.53608,Low
C2218,68,4,73.645,294.58,290.8293,Medium
C2219,50,9,73.53333333333333,661.8,664.3022,High
C2220,221,6,52.151666666666664,312.90999999999997,309.99814,Medium
C2221,48,7,81.3442857142857,569.41,571.4415,High
C2222,191,9,94.12444444444445,847.12,850.01935,Very High
C2223,25,5,90.322,451.61,447.81635,Medium
C2224,7,7,119.26142857142858,834.83,828.54755,Very High
C2225,157,2,65.14,130.28,127.83308,Low
C2226,21,9,201.2188888888889,1810.97,1810.9037,Very High
C2227,37,10,92.728,927.28,927.89453,Very High
C2228,9,9,74.86555555555555,673.79,670.2018,High
C2229,17,10,61.398,613.98,600.394,High
C2230,64,9,126.36111111111111,1137.25,1136.1451,Very High
C2231,216,4,133.37,533.48,528.51447,High
C2232,371,8,81.4725,651.78,653.8793,High
C2233,58,3,153.01666666666668,459.05,457.14868,Medium
C2234,56,4,238.8275,955.31,954.80756,Very High
C2235,3,3,115.2,345.6,346.02078,Medium
C2236,47,10,99.36800000000001,993.6800000000001,996.42944,Very High
C2237,89,7,90.42142857142858,632.95,632.91174,High
C2238,655,2,280.71999999999997,561.4399999999999,561.36786,High
C2239,0,6,125.06166666666667,750.37,752.41974,High
C2240,44,9,36.99777777777778,332.98,329.3206,Medium
C2241,127,8,85.94375,687.55,687.0505,High
C2242,43,8,106.235,849.88,858.9977,Very High
C2243,74,6,177.39166666666665,1064.35,1055.3865,Very High
C2244,237,1,135.71,135.71,135.72586,Low
C2245,499,1,71.15,71.15,71.79738,Low
C2246,177,6,103.71333333333332,622.28,620.8267,High
C2247,71,9,61.28111111111111,551.53,550.8638,High
C2248,217,8,92.2125,737.7,737.0633,High
C2249,133,9,102.91888888888889,926.27,924.0654,Very High
C2250,58,6,42.35,254.1,255.09677,Medium
C2251,65,6,189.75333333333333,1138.52,1140.5363,Very High
C2252,83,10,77.522,775.22,773.904,Very High
C2253,109,8,80.615,644.92,648.8256,High
C2254,146,6,110.18666666666667,661.12,659.7987,High
C2255,8,10,107.71199999999999,1077.12,1075.9088,Very High
C2256,39,7,66.03857142857143,462.27000000000004,456.80222,Medium
C2257,30,9,78.88888888888889,710.0,711.9505,High
C2258,11,5,103.34400000000001,516.72,516.9915,High
C2259,115,8,146.73125,1173.85,1177.5625,Very High
C2260,816,1,75.48,75.48,75.55987,Low
C2261,10,10,80.566,805.66,809.61707,Very High
C2262,47,7,69.51857142857143,486.63,487.97095,Medium
C2263,110,5,168.914,844.5699999999999,845.15546,Very High
C2264,43,10,107.36399999999999,1073.6399999999999,1072.088,Very High
C2265,195,5,121.33,606.65,605.8236,High
C2266,232,9,86.51777777777778,778.66,778.60754,Very High
C2267,13,8,73.01625,584.13,582.79816,High
C2268,215,9,63.62222222222223,572.6,581.486,High
C2269,122,3,123.67333333333333,371.02,370.36487,Medium
C2270,108,9,143.7088888888889,1293.38,1294.1708,Very High
C2271,71,6,133.23666666666665,799.42,798.62585,Very High
C2272,358,4,153.7025,614.81,608.5413,High
C2273,73,10,55.147000000000006,551.47,546.24756,High
C2274,82,2,218.825,437.65,435.73694,Medium
C2275,788,4,122.31,489.24,488.3165,Medium
C2276,7,6,53.625,321.75,324.8471,Medium
C2277,105,7,134.48714285714286,941.4100000000001,943.83154,Very High
C2278,30,8,185.0875,1480.7,1444.8799,Very High
C2279,19,7,81.84714285714287,572.9300000000001,574.96765,High
C2280,31,8,139.15875,1113.27,1108.8075,Very High
C2281,668,1,463.05,463.05,462.6461,Medium
C2282,41,5,107.02800000000002,535.1400000000001,535.03674,High
C2283,5,10,92.232,922.32,921.9311,Very High
C2284,78,4,82.795,331.18,315.35977,Medium
C2285,12,5,51.910000000000004,259.55,258.52658,Medium
C2286,39,7,106.50285714285714,745.52,750.42474,High
C2287,22,3,58.68666666666667,176.06,176.09279,Low
C2288,37,9,126.66888888888889,1140.02,1137.6522,Very High
C2289,113,10,151.561,1515.6100000000001,1479.7242,Very High
C2290,176,4,39.5075,158.03,158.03807,Low
C2291,80,2,130.26,260.52,262.52985,Medium
C2292,12,6,122.67333333333333,736.04,736.7984,High
C2293,287,3,119.99000000000001,359.97,361.32913,Medium
C2294,89,8,52.5325,420.26,427.35968,Medium
C2295,381,2,82.795,165.59,166.8641,Low
C2296,61,2,14.139999999999999,28.279999999999998,26.75341,Low
C2297,97,7,107.64714285714285,753.53,755.8509,High
C2298,876,1,224.23,224.23,223.75188,Low
C2299,228,3,105.46333333333335,316.39000000000004,315.92084,Medium
C2300,77,4,156.6425,626.57,627.53314,High
C2301,27,7,111.91714285714286,783.4200000000001,781.58923,Very High
C2302,226,2,233.625,467.25,466.71927,Medium
C2303,11,2,2.45,4.9,5.4090614,Low
C2304,18,9,100.50222222222222,904.52,903.1293,Very High
C2305,224,4,56.4625,225.85,226.55725,Low
C2306,207,3,115.25333333333333,345.76,345.34732,Medium
C2307,0,9,64.47111111111111,580.24,583.8181,High
C2308,57,5,100.99600000000001,504.98,508.28854,High
C2309,79,1,33.25,33.25,32.525997,Low
C2310,50,2,54.28,108.56,100.45878,Low
C2311,633,8,121.8475,974.78,972.1654,Very High
C2312,54,5,65.728,328.64,325.06647,Medium
C2313,214,8,74.6675,597.34,599.10077,High
C2314,176,10,87.75,877.5,876.2752,Very High
C2315,209,9,76.45444444444445,688.09,690.1958,High
C2316,558,6,135.74666666666667,814.48,810.9734,Very High
C2317,82,9,113.08555555555556,1017.77,1016.7541,Very High
C2318,93,5,141.552,707.76,706.6978,High
C2319,604,1,271.06,271.06,306.8802,Medium
C2320,61,8,150.29625000000001,1202.3700000000001,1202.5403,Very High
C2321,307,1,0.92,0.92,1.1208072,Low
C2322,78,10,52.701,527.01,527.752,High
C2323,115,10,166.597,1665.97,1676.0396,Very High
C2324,45,10,58.16799999999999,581.68,568.6011,High
C2325,29,9,92.82444444444445,835.4200000000001,842.52527,Very High
C2326,131,4,104.08749999999999,416.34999999999997,415.5223,Medium
C2327,847,1,22.26,22.26,22.03864,Low
C2328,62,6,117.44666666666667,704.6800000000001,706.3821,High
C2329,57,8,79.6075,636.86,633.06,High
C2330,15,9,60.94222222222223,548.48,550.273,High
C2331,388,2,206.615,413.23,412.90634,Medium
C2332,38,8,64.7575,518.06,514.79034,High
C2333,38,5,41.754,208.76999999999998,209.68692,Low
C2334,581,1,13.46,13.46,13.2879095,Low
C2335,331,3,71.42666666666666,214.28,208.84944,Low
C2336,3,9,79.69666666666666,717.27,716.3807,High
C2337,370,4,68.0125,272.05,277.0602,Medium
C2338,81,10,101.691,1016.91,1018.4583,Very High
C2339,47,2,38.82,77.64,78.11806,Low
C2340,313,10,97.685,976.85,979.1955,Very High
C2341,12,10,64.272,642.72,643.6389,High
C2342,10,8,205.63,1645.04,1645.5453,Very High
C2343,476,3,41.56666666666667,124.7,123.481346,Low
C2344,173,8,58.89,471.12,471.77902,Medium
C2345,541,2,175.675,351.35,343.95096,Medium
C2346,58,4,103.77,415.08,414.15137,Medium
C2347,36,9,78.49555555555554,706.4599999999999,704.02094,High
C2348,149,8,114.65375,917.23,916.30304,Very High
C2349,280,7,54.30285714285714,380.12,379.5611,Medium
C2350,38,8,85.37125,682.97,676.8979,High
C2351,311,3,58.13666666666666,174.41,173.40811,Low
C2352,385,2,42.364999999999995,84.72999999999999,84.82123,Low
C2353,58,8,51.26375,410.11,406.71024,Medium
C2354,194,4,202.6775,810.71,811.9249,Very High
C2355,4,8,136.5725,1092.58,1090.1449,Very High
C2356,140,4,67.8275,271.31,269.84238,Medium
C2357,80,4,100.2675,401.07,402.03745,Medium
C2358,134,8,78.04125,624.33,620.99567,High
C2359,377,3,210.00666666666666,630.02,629.27246,High
C2360,182,5,111.31400000000001,556.57,552.32306,High
C2361,70,3,126.92999999999999,380.78999999999996,382.08954,Medium
C2362,71,1,133.04,133.04,136.01462,Low
C2363,159,8,99.28625,794.29,800.29596,Very High
C2364,622,1,155.66,155.66,152.74844,Low
C2365,113,10,85.789,857.89,858.58136,Very High
C2366,148,7,80.27857142857142,561.9499999999999,559.9143,High
C2367,186,2,128.18,256.36,254.62093,Medium
C2368,11,9,98.03555555555555,882.3199999999999,881.21313,Very High
C2369,815,1,64.1,64.1,64.52897,Low
C2370,49,7,67.69571428571429,473.87,473.32126,Medium
C2371,285,5,179.42000000000002,897.1,901.49274,Very High
C2372,16,10,81.683,816.83,817.4656,Very High
C2373,21,6,100.52,603.12,605.46814,High
C2374,123,8,109.6025,876.82,877.9415,Very High
C2375,20,4,140.4,561.6,564.9857,High
C2376,101,6,106.34666666666665,638.0799999999999,638.1614,High
C2377,95,5,50.989999999999995,254.95,255.44826,Medium
C2378,78,5,79.41,397.05,396.33444,Medium
C2379,103,5,136.596,682.98,687.25287,High
C2380,2,10,76.384,763.84,762.92615,High
C2381,400,4,172.4125,689.65,697.36145,High
C2382,606,2,84.005,168.01,167.74905,Low
C2383,55,5,283.75,1418.75,1417.1151,Very High
C2384,160,10,87.273,872.73,866.85724,Very High
C2385,136,7,167.81857142857143,1174.73,1173.2435,Very High
C2386,563,3,108.38666666666667,325.16,325.32547,Medium
C2387,80,1,21.34,21.34,21.365866,Low
C2388,24,7,72.19571428571429,505.37,503.73138,Medium
C2389,22,6,173.70666666666668,1042.24,1041.9568,Very High
C2390,348,7,134.5257142857143,941.6800000000001,942.1497,Very High
C2391,32,6,100.95,605.7,604.0749,High
C2392,416,2,75.065,150.13,149.21925,Low
C2393,111,4,100.185,400.74,402.49896,Medium
C2394,1,7,88.65285714285714,620.57,622.2516,High
C2395,118,8,85.33,682.64,680.209,High
C2396,107,8,89.3575,714.86,711.7192,High
C2397,66,4,94.51,378.04,376.74222,Medium
C2398,2,9,107.38000000000001,966.4200000000001,965.8441,Very High
C2399,51,7,70.93714285714286,496.56000000000006,494.7832,Medium
C2400,11,9,86.80333333333334,781.23,780.6949,Very High
C2401,36,9,124.7988888888889,1123.19,1123.0865,Very High
C2402,309,5,145.63600000000002,728.1800000000001,731.0263,High
C2403,53,7,84.9742857142857,594.8199999999999,594.75714,High
C2404,25,4,50.4975,201.99,202.29764,Low
C2405,724,2,34.555,69.11,70.17594,Low
C2406,295,5,91.3,456.5,454.79095,Medium
C2407,365,5,70.9,354.5,354.53717,Medium
C2408,0,1,26.19,26.19,26.194832,Low
C2409,3,5,84.064,420.32,421.43362,Medium
C2410,346,2,45.79,91.58,93.763054,Low
C2411,192,5,47.638,238.19,237.76993,Low
C2412,119,10,32.688,326.88,279.171,Medium
C2413,33,8,30.87625,247.01,251.65576,Low
C2414,528,1,7.85,7.85,6.9481144,Low
C2415,52,10,65.243,652.43,660.7475,High
C2416,83,2,26.009999999999998,52.019999999999996,50.307217,Low
C2417,479,5,82.606,413.03,411.047,Medium
C2418,402,4,26.355,105.42,102.95113,Low
C2419,186,9,128.2888888888889,1154.6,1156.0857,Very High
C2420,287,1,71.65,71.65,72.401054,Low
C2421,182,5,88.42999999999999,442.15,441.4021,Medium
C2422,17,5,126.952,634.76,635.36096,High
C2423,175,5,100.55600000000001,502.78000000000003,508.2322,High
C2424,84,10,160.72,1607.2,1607.6206,Very High
C2425,834,1,79.16,79.16,76.99244,Low
C2426,314,5,58.239999999999995,291.2,288.5392,Medium
C2427,21,4,124.9625,499.85,497.42932,Medium
C2428,335,1,92.64,92.64,94.570984,Low
C2429,15,4,114.41499999999999,457.65999999999997,453.51865,Medium
C2430,839,1,119.72,119.72,120.360596,Low
C2431,106,8,61.07875,488.63,492.26297,Medium
C2432,93,4,101.74000000000001,406.96000000000004,407.04428,Medium
C2433,151,3,44.416666666666664,133.25,121.00566,Low
C2434,233,1,43.87,43.87,42.889305,Low
C2435,111,7,66.92999999999999,468.51,469.98145,Medium
C2436,399,6,58.57,351.42,352.92798,Medium
C2437,32,7,74.06857142857143,518.48,524.54535,High
C2438,28,8,57.316250000000004,458.53000000000003,460.06378,Medium
C2439,227,5,81.47200000000001,407.36,405.7594,Medium
C2440,460,2,68.0,136.0,140.18767,Low
C2441,159,6,104.70333333333333,628.22,624.4448,High
C2442,112,4,61.195,244.78,244.08554,Low
C2443,680,1,135.63,135.63,139.35165,Low
C2444,744,1,227.95,227.95,227.67786,Low
C2445,297,2,28.334999999999997,56.669999999999995,58.3447,Low
C2446,34,5,98.872,494.36,494.8476,Medium
C2447,33,8,70.195,561.56,558.7819,High
C2448,185,1,29.78,29.78,28.967878,Low
C2449,32,6,88.55333333333333,531.3199999999999,531.4494,High
C2450,121,9,76.89111111111112,692.02,697.1369,High
C2451,90,7,76.41142857142857,534.88,535.02795,High
C2452,152,9,150.0411111111111,1350.37,1349.5336,Very High
C2453,315,4,60.892500000000005,243.57000000000002,244.2038,Low
C2454,16,9,115.42,1038.78,1044.4164,Very High
C2455,810,3,222.45666666666668,667.37,669.0666,High
C2456,106,3,69.95,209.85,208.74095,Low
C2457,415,4,25.127499999999998,100.50999999999999,101.49264,Low
C2458,275,1,102.5,102.5,102.46405,Low
C2459,526,2,213.64,427.28,425.692,Medium
C2460,98,10,119.505,1195.05,1199.4406,Very High
C2461,50,9,73.58777777777777,662.29,664.3022,High
C2462,12,9,82.41111111111111,741.7,741.7228,High
C2463,427,1,106.08,106.08,106.962746,Low
C2464,50,5,166.598,832.99,807.2584,Very High
C2465,748,1,182.12,182.12,181.40387,Low
C2466,279,3,75.11333333333333,225.33999999999997,222.8358,Low
C2467,138,10,62.866,628.66,636.98145,High
C2468,120,7,55.86142857142857,391.03,387.13657,Medium
C2469,216,6,115.10166666666667,690.61,693.3829,High
C2470,18,8,102.9525,823.62,825.93427,Very High
C2471,36,9,151.16111111111113,1360.45,1354.909,Very High
C2472,415,1,174.85,174.85,175.75371,Low
C2473,7,5,69.942,349.71,350.7575,Medium
C2474,121,3,39.10666666666666,117.32,119.56613,Low
C2475,210,10,83.31,833.1,832.88684,Very High
C2476,252,2,110.055,220.11,221.40013,Low
C2477,7,8,163.01125000000002,1304.0900000000001,1304.272,Very High
C2478,14,4,43.665,174.66,176.16878,Low
C2479,550,3,50.846666666666664,152.54,152.70413,Low
C2480,15,10,109.51199999999999,1095.12,1094.6575,Very High
C2481,251,4,135.09,540.36,537.5856,High
C2482,318,6,39.44166666666667,236.65,235.04472,Low
C2483,99,8,74.77125000000001,598.1700000000001,603.27246,High
C2484,385,1,116.61,116.61,116.07276,Low
C2485,230,3,156.53,469.59000000000003,468.00714,Medium
C2486,857,1,65.14,65.14,64.65969,Low
C2487,135,9,139.2,1252.8,1251.1409,Very High
C2488,468,3,46.24666666666667,138.74,139.86234,Low
C2489,4,6,58.89833333333333,353.39,353.02625,Medium
C2490,77,6,95.15833333333335,570.95,572.9073,High
C2491,44,8,127.10625,1016.85,1013.76306,Very High
C2492,314,5,110.98799999999999,554.9399999999999,553.9399,High
C2493,70,7,145.29142857142858,1017.0400000000001,1007.90576,Very High
C2494,139,1,100.48,100.48,100.255066,Low
C2495,141,6,61.585,369.51,373.29453,Medium
C2496,23,2,109.765,219.53,218.99263,Low
C2497,630,2,26.84,53.68,48.33589,Low
C2498,56,2,119.15,238.3,238.33755,Low
C2499,182,9,162.52444444444444,1462.72,1465.2902,Very High
C2500,3,4,104.17,416.68,416.7541,Medium
C2501,10,6,87.22166666666668,523.33,521.1794,High
C2502,253,4,92.1375,368.55,371.22256,Medium
C2503,30,5,49.864,249.32,250.057,Low
C2504,4,4,38.260000000000005,153.04000000000002,151.85886,Low
C2505,358,4,58.47,233.88,233.6189,Low
C2506,73,9,126.95444444444443,1142.59,1138.3857,Very High
C2507,0,8,76.505,612.04,610.4924,High
C2508,310,3,96.39666666666666,289.19,290.89645,Medium
C2509,26,8,110.07875,880.63,875.95715,Very High
C2510,466,2,38.92,77.84,80.4932,Low
C2511,2,9,90.00555555555555,810.05,810.3243,Very High
C2512,38,2,64.67500000000001,129.35000000000002,128.51195,Low
C2513,353,8,41.655,333.24,334.80554,Medium
C2514,180,4,119.235,476.94,476.31332,Medium
C2515,64,1,120.01,120.01,119.286804,Low
C2516,57,6,99.84166666666665,599.05,597.91895,High
C2517,339,7,98.05999999999999,686.42,678.94476,High
C2518,188,9,118.78,1069.02,1113.6201,Very High
C2519,7,10,112.91600000000001,1129.16,1123.4714,Very High
C2520,0,6,85.40833333333335,512.45,512.41235,High
C2521,329,6,89.77,538.62,538.2968,High
C2522,499,1,66.02,66.02,66.596115,Low
C2523,355,3,56.473333333333336,169.42000000000002,168.98082,Low
C2524,44,10,133.13799999999998,1331.3799999999999,1336.363,Very High
C2525,540,1,20.13,20.13,20.423862,Low
C2526,656,2,23.175,46.35,47.242527,Low
C2527,67,6,44.06333333333333,264.38,261.10922,Medium
C2528,479,1,48.06,48.06,47.420567,Low
C2529,245,1,33.62,33.62,33.305027,Low
C2530,611,1,116.35,116.35,115.63105,Low
C2531,595,1,42.0,42.0,41.571438,Low
C2532,450,3,104.04333333333334,312.13,306.62936,Medium
C2533,273,2,114.445,228.89,233.179,Low
C2534,19,10,109.523,1095.23,1095.7421,Very High
C2535,47,7,91.74428571428572,642.21,642.3882,High
C2536,187,9,79.36999999999999,714.3299999999999,715.2325,High
C2537,70,3,75.26,225.78,218.27338,Low
C2538,9,5,100.49,502.45,503.07117,Medium
C2539,53,9,43.46666666666667,391.2,396.16296,Medium
C2540,223,7,111.53142857142858,780.72,781.04315,Very High
C2541,45,7,107.16857142857144,750.1800000000001,760.6662,High
C2542,65,7,157.54571428571427,1102.82,1102.2535,Very High
C2543,285,1,40.82,40.82,41.057915,Low
C2544,74,10,187.318,1873.18,1866.8492,Very High
C2545,404,5,63.50600000000001,317.53000000000003,315.61462,Medium
C2546,29,7,60.714285714285715,425.0,436.6165,Medium
C2547,76,4,259.53249999999997,1038.1299999999999,1037.756,Very High
C2548,21,3,82.64666666666666,247.94,248.32898,Low
C2549,168,1,12.95,12.95,12.231396,Low
C2550,5,10,84.989,849.89,839.68866,Very High
C2551,235,4,153.8725,615.49,623.288,High
C2552,315,6,140.99666666666667,845.98,846.2051,Very High
C2553,456,4,72.0375,288.15,288.1055,Medium
C2554,123,8,168.1825,1345.46,1347.8551,Very High
C2555,136,9,198.47222222222223,1786.25,1747.5281,Very High
C2556,143,10,81.169,811.6899999999999,812.29706,Very High
C2557,221,6,100.15500000000002,600.9300000000001,599.7868,High
C2558,2,9,92.97333333333333,836.76,838.26935,Very High
C2559,129,6,145.48666666666668,872.9200000000001,873.8876,Very High
C2560,326,4,133.155,532.62,528.7865,High
C2561,46,9,91.91222222222221,827.2099999999999,827.32086,Very High
C2562,155,10,91.178,911.78,908.10657,Very High
C2563,9,8,126.4225,1011.38,1013.4884,Very High
C2564,115,10,95.681,956.81,952.8975,Very High
C2565,286,1,5.3,5.3,4.718352,Low
C2566,23,6,60.29333333333333,361.76,373.7171,Medium
C2567,144,6,116.11500000000001,696.69,709.6027,High
C2568,10,6,116.99833333333333,701.99,704.1813,High
C2569,16,5,122.75,613.75,611.9742,High
C2570,236,1,26.95,26.95,26.224943,Low
C2571,92,9,69.28555555555555,623.5699999999999,621.0522,High
C2572,27,3,48.13333333333333,144.4,142.6921,Low
C2573,42,9,81.62777777777778,734.65,738.8914,High
C2574,224,5,84.9,424.5,424.10367,Medium
C2575,90,8,96.07249999999999,768.5799999999999,765.48663,High
C2576,62,4,36.52,146.08,146.59782,Low
C2577,30,1,1.7,1.7,2.0785115,Low
C2578,123,2,78.16,156.32,160.5037,Low
C2579,284,3,143.92999999999998,431.78999999999996,430.93924,Medium
C2580,43,10,64.461,644.61,644.72504,High
C2581,106,10,126.001,1260.01,1261.5549,Very High
C2582,73,8,59.22625,473.81,475.3265,Medium
C2583,15,6,77.31833333333334,463.91,463.19052,Medium
C2584,103,2,48.175,96.35,95.80591,Low
C2585,106,10,78.946,789.46,784.9268,Very High
C2586,308,7,72.10142857142857,504.71,503.47546,Medium
C2587,29,7,70.79,495.53000000000003,493.7224,Medium
C2588,61,7,62.534285714285716,437.74,438.0008,Medium
C2589,201,4,112.57749999999999,450.30999999999995,452.02512,Medium
C2590,27,3,38.96333333333333,116.88999999999999,118.33717,Low
C2591,254,6,101.81166666666667,610.87,611.3751,High
C2592,653,2,82.465,164.93,168.14702,Low
C2593,232,6,62.68333333333333,376.09999999999997,379.83917,Medium
C2594,31,6,88.49333333333334,530.96,531.40106,High
C2595,16,7,129.49142857142857,906.44,907.8818,Very High
C2596,71,2,61.235,122.47,120.06759,Low
C2597,13,9,100.51555555555555,904.64,904.41473,Very High
C2598,586,2,172.705,345.41,345.87277,Medium
C2599,127,10,83.54499999999999,835.4499999999999,833.78,Very High
C2600,31,6,104.00666666666666,624.04,623.25146,High
C2601,35,9,51.266666666666666,461.4,457.79404,Medium
C2602,188,4,64.5,258.0,259.76425,Medium
C2603,71,5,124.15799999999999,620.79,625.7064,High
C2604,51,4,51.39,205.56,205.01134,Low
C2605,1,4,94.53999999999999,378.15999999999997,377.5264,Medium
C2606,218,5,138.82,694.1,691.71783,High
C2607,118,8,83.1775,665.42,663.49805,High
C2608,53,2,88.445,176.89,182.05232,Low
C2609,164,6,125.255,751.53,751.344,High
C2610,124,8,95.6275,765.02,766.78595,High
C2611,84,10,62.010000000000005,620.1,625.67615,High
C2612,42,8,123.9325,991.46,995.2703,Very High
C2613,434,7,112.35285714285715,786.47,785.44275,Very High
C2614,99,6,122.27499999999999,733.65,728.0322,High
C2615,195,9,124.69666666666666,1122.27,1125.8362,Very High
C2616,73,6,99.27833333333332,595.67,594.7268,High
C2617,309,2,117.27000000000001,234.54000000000002,239.11786,Low
C2618,242,2,29.745,59.49,57.99784,Low
C2619,231,8,130.1925,1041.54,1042.7407,Very High
C2620,338,4,16.8925,67.57,68.04686,Low
C2621,12,7,61.797142857142866,432.58000000000004,440.77066,Medium
C2622,231,8,91.93875,735.51,736.3374,High
C2623,22,8,83.75125,670.01,659.897,High
C2624,251,5,87.304,436.52,431.3549,Medium
C2625,64,7,127.53428571428572,892.74,893.92664,Very High
C2626,735,1,175.45,175.45,175.22128,Low
C2627,5,10,94.277,942.77,940.65546,Very High
C2628,28,3,111.11,333.33,333.09946,Medium
C2629,116,7,84.62428571428572,592.37,593.4451,High
C2630,141,10,81.08,810.8,811.9633,Very High
C2631,21,5,41.884,209.42,209.09352,Low
C2632,86,7,99.57571428571428,697.03,694.4512,High
C2633,270,4,94.845,379.38,377.90778,Medium
C2634,16,9,95.70444444444443,861.3399999999999,862.5697,Very High
C2635,78,4,67.985,271.94,276.01422,Medium
C2636,17,7,104.45714285714287,731.2,731.99243,High
C2637,3,5,131.85,659.25,658.15765,High
C2638,229,3,145.62666666666667,436.88,435.1885,Medium
C2639,77,9,55.147777777777776,496.33,496.89944,Medium
C2640,57,7,123.78571428571429,866.5,874.7035,Very High
C2641,320,4,96.3025,385.21,391.1466,Medium
C2642,15,6,86.49000000000001,518.94,520.3875,High
C2643,193,5,81.532,407.65999999999997,405.46924,Medium
C2644,122,6,130.83833333333334,785.03,787.80237,Very High
C2645,259,3,42.74666666666667,128.24,126.84083,Low
C2646,104,9,139.19666666666666,1252.77,1249.6523,Very High
C2647,66,9,94.75777777777779,852.82,861.63824,Very High
C2648,850,1,102.95,102.95,104.969864,Low
C2649,19,10,99.979,999.79,1003.26385,Very High
C2650,248,1,14.72,14.72,15.944241,Low
C2651,141,4,79.625,318.5,318.1971,Medium
C2652,61,10,76.28999999999999,762.9,759.862,High
C2653,7,7,130.25,911.75,917.5417,Very High
C2654,80,5,174.96800000000002,874.84,843.9119,Very High
C2655,155,1,46.4,46.4,47.767273,Low
C2656,82,6,92.64333333333333,555.86,553.179,High
C2657,10,7,129.82142857142858,908.75,905.60834,Very High
C2658,697,1,49.55,49.55,46.950653,Low
C2659,110,6,91.245,547.47,546.8651,High
C2660,191,6,105.43833333333333,632.63,633.5828,High
C2661,147,7,72.92285714285714,510.46,506.49655,High
C2662,282,3,101.8,305.4,305.66446,Medium
C2663,193,10,76.437,764.37,765.1752,High
C2664,76,10,137.739,1377.39,1366.6332,Very High
C2665,73,9,107.14444444444445,964.3,962.74365,Very High
C2666,37,10,119.984,1199.84,1196.2974,Very High
C2667,103,7,82.24285714285715,575.7,577.5291,High
C2668,22,8,73.645,589.16,589.60394,High
C2669,58,10,103.144,1031.44,1032.8075,Very High
C2670,179,10,67.761,677.61,676.65234,High
C2671,23,5,79.862,399.30999999999995,401.12048,Medium
C2672,140,5,92.556,462.78,460.12363,Medium
C2673,128,4,59.822500000000005,239.29000000000002,238.02501,Low
C2674,422,6,142.16666666666666,853.0,830.1651,Very High
C2675,406,1,39.24,39.24,39.248604,Low
C2676,111,10,66.178,661.78,661.97076,High
C2677,420,1,140.09,140.09,139.6768,Low
C2678,637,2,60.400000000000006,120.80000000000001,120.77889,Low
C2679,242,6,143.02833333333334,858.1700000000001,857.4471,Very High
C2680,104,9,90.87888888888888,817.91,819.6159,Very High
C2681,441,4,85.3825,341.53,342.0521,Medium
C2682,359,2,132.14499999999998,264.28999999999996,265.09036,Medium
C2683,70,7,51.47428571428571,360.32,364.96725,Medium
C2684,228,2,83.835,167.67,168.42616,Low
C2685,179,4,173.2775,693.11,696.2727,High
C2686,105,8,75.92375,607.39,607.0966,High
C2687,56,6,127.87333333333333,767.24,770.4053,High
C2688,443,2,52.455,104.91,104.67607,Low
C2689,431,3,260.7633333333333,782.29,782.19214,Very High
C2690,335,2,123.01,246.02,247.86089,Low
C2691,60,8,86.7925,694.34,694.76746,High
C2692,2,10,56.205999999999996,562.06,561.70447,High
C2693,535,1,65.09,65.09,64.96625,Low
C2694,31,10,110.905,1109.05,1105.4891,Very High
C2695,605,1,296.35,296.35,298.65485,Medium
C2696,86,9,73.77444444444444,663.97,663.9162,High
C2697,311,5,100.25800000000001,501.29,506.6406,High
C2698,193,4,127.875,511.5,512.2309,High
C2699,252,4,66.395,265.58,258.5065,Medium
C2700,728,2,208.37,416.74,417.88904,Medium
C2701,491,3,60.21,180.63,181.58089,Low
C2702,135,7,135.39857142857142,947.79,949.19934,Very High
C2703,8,10,69.67699999999999,696.77,698.1607,High
C2704,92,10,102.15,1021.5,1020.34863,Very High
C2705,158,2,44.995000000000005,89.99000000000001,93.59059,Low
C2706,15,5,10.414,52.07,53.908684,Low
C2707,178,7,104.67857142857143,732.75,733.0975,High
C2708,30,3,119.62,358.86,358.53665,Medium
C2709,127,5,139.06,695.3,694.5669,High
C2710,338,5,133.708,668.54,648.69,High
C2711,129,2,233.9,467.8,468.01096,Medium
C2712,627,1,20.17,20.17,20.367132,Low
C2713,21,10,163.96800000000002,1639.68,1627.0117,Very High
C2714,97,5,156.94,784.7,782.1737,Very High
C2715,235,3,100.15666666666668,300.47,298.90503,Medium
C2716,201,9,103.09444444444443,927.8499999999999,925.57166,Very High
C2717,190,7,139.44,976.0799999999999,975.4089,Very High
C2718,392,1,31.49,31.49,31.32159,Low
C2719,32,5,59.41200000000001,297.06000000000006,289.48077,Medium
C2720,352,3,90.23,270.69,269.59335,Medium
C2721,85,4,88.2625,353.05,352.95084,Medium
C2722,17,4,51.41,205.64,207.3384,Low
C2723,63,1,56.05,56.05,56.333,Low
C2724,58,10,98.85600000000001,988.5600000000001,989.8806,Very High
C2725,1,10,69.691,696.9100000000001,697.84906,High
C2726,308,1,105.37,105.37,105.4475,Low
C2727,64,9,99.02444444444444,891.22,888.07007,Very High
C2728,163,6,191.655,1149.93,1135.0105,Very High
C2729,124,8,81.03375,648.27,646.53577,High
C2730,83,6,225.08166666666668,1350.49,1349.9865,Very High
C2731,238,3,135.98666666666668,407.96000000000004,412.70877,Medium
C2732,68,6,65.09833333333334,390.59000000000003,388.6431,Medium
C2733,261,1,17.81,17.81,18.788414,Low
C2734,65,6,166.46666666666667,998.8,991.44794,Very High
C2735,116,6,100.84166666666665,605.05,604.15656,High
C2736,43,6,66.405,398.43,382.5803,Medium
C2737,272,4,87.3125,349.25,344.09924,Medium
C2738,377,1,104.36,104.36,105.654305,Low
C2739,499,1,14.37,14.37,17.185743,Low
C2740,40,8,72.02999999999999,576.2399999999999,575.7048,High
C2741,137,4,166.005,664.02,660.15344,High
C2742,686,1,105.03,105.03,105.35718,Low
C2743,429,4,124.47999999999999,497.91999999999996,497.02167,Medium
C2744,68,7,83.70142857142856,585.91,586.40045,High
C2745,179,7,46.34142857142857,324.39,314.89426,Medium
C2746,141,6,55.11833333333334,330.71000000000004,333.19745,Medium
C2747,347,5,120.72999999999999,603.65,603.64514,High
C2748,247,3,115.30333333333333,345.90999999999997,347.6472,Medium
C2749,194,9,158.66333333333333,1427.97,1426.2812,Very High
C2750,22,5,98.554,492.77,494.57602,Medium
C2751,5,8,76.91499999999999,615.3199999999999,614.1453,High
C2752,338,10,82.997,829.97,830.1446,Very High
C2753,155,4,129.6625,518.65,516.82947,High
C2754,39,4,198.7425,794.97,796.249,Very High
C2755,203,2,192.915,385.83,385.222,Medium
C2756,255,1,39.78,39.78,39.76246,Low
C2757,79,9,114.60333333333334,1031.43,1028.5735,Very High
C2758,52,5,78.97,394.85,393.2755,Medium
C2759,111,5,71.376,356.88,361.82547,Medium
C2760,174,2,27.575000000000003,55.150000000000006,56.423664,Low
C2761,158,6,85.41000000000001,512.46,511.28073,High
C2762,71,5,84.98400000000001,424.92,424.28082,Medium
C2763,221,8,96.5425,772.34,770.89185,High
C2764,59,8,88.3875,707.1,705.8507,High
C2765,60,4,155.845,623.38,624.11523,High
C2766,513,1,19.69,19.69,20.46487,Low
C2767,58,8,146.54,1172.32,1184.9119,Very High
C2768,329,3,47.54333333333333,142.63,141.72656,Low
C2769,527,1,27.49,27.49,26.947498,Low
C2770,2,8,144.31375,1154.51,1156.9695,Very High
C2771,284,3,63.0,189.0,192.49994,Low
C2772,722,2,13.9,27.8,26.788204,Low
C2773,27,6,84.33500000000001,506.01000000000005,500.78183,Medium
C2774,249,2,95.86500000000001,191.73000000000002,193.11751,Low
C2775,16,6,152.82000000000002,916.9200000000001,918.1231,Very High
C2776,177,9,72.76222222222222,654.86,648.92804,High
C2777,92,10,99.002,990.02,989.4996,Very High
C2778,96,6,124.65333333333332,747.92,753.1144,High
C2779,74,2,7.1,14.2,13.73552,Low
C2780,17,6,89.53500000000001,537.21,537.0228,High
C2781,86,8,48.63875,389.11,385.81177,Medium
C2782,22,5,95.22,476.09999999999997,472.03476,Medium
C2783,3,3,63.50666666666667,190.52,190.56657,Low
C2784,16,6,192.20000000000002,1153.2,1137.5225,Very High
C2785,32,7,87.53142857142858,612.72,613.6235,High
C2786,86,6,83.12,498.72,500.3618,Medium
C2787,48,9,128.02444444444444,1152.22,1155.7504,Very High
C2788,12,9,83.23888888888888,749.15,750.8801,High
C2789,84,6,100.495,602.97,598.1369,High
C2790,344,8,168.37125,1346.97,1346.3169,Very High
C2791,3,9,96.25444444444446,866.2900000000001,866.9597,Very High
C2792,148,4,143.80499999999998,575.2199999999999,577.87946,High
C2793,49,2,4.92,9.84,10.148667,Low
C2794,565,1,31.5,31.5,31.553764,Low
C2795,135,8,42.09,336.72,336.3825,Medium
C2796,30,8,107.68124999999999,861.4499999999999,861.38086,Very High
C2797,227,9,116.04666666666668,1044.42,1043.2903,Very High
C2798,84,10,159.457,1594.57,1575.5936,Very High
C2799,45,7,75.87571428571428,531.13,531.5928,High
C2800,668,2,105.38499999999999,210.76999999999998,210.1139,Low
C2801,129,6,108.305,649.83,652.5616,High
C2802,79,3,82.05,246.15,245.9386,Low
C2803,14,10,138.465,1384.65,1369.0522,Very High
C2804,66,6,111.065,666.39,675.3144,High
C2805,17,4,64.755,259.02,260.01498,Medium
C2806,14,5,103.886,519.43,520.45374,High
C2807,57,6,92.34166666666665,554.05,554.0746,High
C2808,64,4,67.3275,269.31,270.1544,Medium
C2809,81,3,124.83666666666666,374.51,371.19763,Medium
C2810,77,9,65.21666666666667,586.95,622.6816,High
C2811,497,2,61.15,122.3,121.39817,Low
C2812,192,5,113.076,565.38,565.7237,High
C2813,74,7,145.60714285714286,1019.25,996.8102,Very High
C2814,465,3,127.35666666666667,382.07,387.8515,Medium
C2815,38,8,90.26875,722.15,724.38226,High
C2816,97,3,97.15000000000002,291.45000000000005,289.75714,Medium
C2817,201,3,56.94,170.82,170.94951,Low
C2818,64,1,39.75,39.75,38.834152,Low
C2819,36,10,143.154,1431.54,1427.784,Very High
C2820,373,3,205.99,617.97,618.47833,High
C2821,12,8,60.205,481.64,482.29208,Medium
C2822,293,5,46.809999999999995,234.04999999999998,226.91132,Low
C2823,169,5,125.22200000000001,626.11,628.9295,High
C2824,9,8,130.7125,1045.7,1046.0789,Very High
C2825,319,4,139.795,559.18,575.04285,High
C2826,14,2,138.45,276.9,276.92725,Medium
C2827,134,5,80.354,401.77,403.2702,Medium
C2828,30,3,118.98666666666668,356.96000000000004,357.81436,Medium
C2829,143,3,93.23333333333333,279.7,279.921,Medium
C2830,187,3,133.82,401.46,403.03607,Medium
C2831,565,1,41.34,41.34,41.571438,Low
C2832,64,6,84.575,507.45,509.64728,High
C2833,85,9,141.28,1271.52,1284.6055,Very High
C2834,400,2,119.78,239.56,242.34572,Low
C2835,86,3,88.71666666666665,266.15,266.89114,Medium
C2836,347,4,79.7675,319.07,317.8696,Medium
C2837,372,4,99.07000000000001,396.28000000000003,396.90552,Medium
C2838,168,1,70.27,70.27,69.6876,Low
C2839,359,4,92.96,371.84,371.00278,Medium
C2840,812,1,37.53,37.53,37.003124,Low
C2841,147,3,108.93,326.79,325.6634,Medium
C2842,159,7,160.60714285714286,1124.25,1119.3887,Very High
C2843,70,4,175.2975,701.19,700.8286,High
C2844,174,5,153.746,768.73,769.8069,High
C2845,206,8,53.405,427.24,428.39386,Medium
C2846,478,2,55.625,111.25,111.16325,Low
C2847,33,7,92.84,649.88,649.39716,High
C2848,243,10,78.058,780.58,777.78094,Very High
C2849,125,7,203.54571428571427,1424.82,1425.3036,Very High
C2850,74,7,88.46285714285715,619.24,619.03235,High
C2851,138,2,143.47,286.94,286.7362,Medium
C2852,109,3,138.02666666666667,414.08,412.70813,Medium
C2853,596,1,70.62,70.62,70.08615,Low
C2854,327,3,59.553333333333335,178.66,176.86615,Low
C2855,42,10,61.784000000000006,617.84,615.2113,High
C2856,452,4,84.85499999999999,339.41999999999996,341.15808,Medium
C2857,181,6,78.15833333333335,468.95000000000005,471.97067,Medium
C2858,80,2,60.815000000000005,121.63000000000001,120.152985,Low
C2859,195,8,72.0975,576.78,577.5234,High
C2860,243,3,36.89333333333334,110.68,122.8755,Low
C2861,174,5,68.55199999999999,342.76,343.2257,Medium
C2862,245,2,129.54,259.08,259.35828,Medium
C2863,189,8,156.4,1251.2,1253.2725,Very High
C2864,68,5,77.838,389.19,391.32413,Medium
C2865,286,5,255.234,1276.17,1275.6975,Very High
C2866,41,7,94.14,658.98,658.2975,High
C2867,32,4,42.5275,170.11,170.8445,Low
C2868,36,10,101.74,1017.4,1018.07007,Very High
C2869,63,3,27.47,82.41,82.27044,Low
C2870,100,4,120.54499999999999,482.17999999999995,484.22974,Medium
C2871,76,4,254.815,1019.26,1023.8668,Very High
C2872,29,7,82.95,580.65,579.92816,High
C2873,467,2,258.465,516.93,475.5306,Medium
C2874,6,9,86.60333333333334,779.4300000000001,779.0559,Very High
C2875,287,2,83.285,166.57,166.85573,Low
C2876,6,2,149.92000000000002,299.84000000000003,298.93823,Medium
C2877,64,4,115.55250000000001,462.21000000000004,456.92294,Medium
C2878,154,2,96.64500000000001,193.29000000000002,193.62646,Low
C2879,562,1,36.25,36.25,35.96515,Low
C2880,71,8,111.335,890.68,890.087,Very High
C2881,29,8,127.6925,1021.54,1016.95386,Very High
C2882,185,6,82.46833333333333,494.81,499.82846,Medium
C2883,9,7,104.67714285714285,732.74,730.40625,High
C2884,455,5,172.502,862.51,848.94257,Very High
C2885,9,9,152.19666666666666,1369.77,1364.2976,Very High
C2886,18,3,175.85,527.55,530.1115,High
C2887,52,10,155.476,1554.76,1551.817,Very High
C2888,23,8,137.9625,1103.7,1101.6426,Very High
C2889,180,5,58.822,294.11,289.43686,Medium
C2890,577,1,100.8,100.8,101.40684,Low
C2891,210,7,93.83142857142857,656.82,655.6383,High
C2892,57,5,102.686,513.4300000000001,515.8813,High
C2893,38,9,113.21444444444444,1018.93,1014.76807,Very High
C2894,31,3,45.85333333333333,137.56,140.15123,Low
C2895,680,1,32.24,32.24,31.990896,Low
C2896,159,8,120.325,962.6,954.86975,Very High
C2897,283,7,91.58285714285715,641.08,640.87885,High
C2898,46,9,117.29666666666668,1055.67,1054.4136,Very High
C2899,261,4,122.255,489.02,488.8983,Medium
C2900,161,6,137.80666666666667,826.84,830.082,Very High
C2901,159,4,127.0325,508.13,510.864,High
C2902,77,9,74.85666666666667,673.71,670.4282,High
C2903,348,4,260.4325,1041.73,1027.0732,Very High
C2904,301,2,178.625,357.25,355.4129,Medium
C2905,115,10,149.033,1490.33,1482.2733,Very High
C2906,249,6,74.86666666666666,449.2,454.61194,Medium
C2907,281,3,107.97333333333334,323.92,322.3052,Medium
C2908,41,3,124.55333333333333,373.65999999999997,373.58118,Medium
C2909,125,4,78.7525,315.01,314.95258,Medium
C2910,524,2,36.975,73.95,73.17917,Low
C2911,65,5,284.448,1422.24,1418.625,Very High
C2912,104,4,105.0475,420.19,419.5191,Medium
C2913,343,2,83.275,166.55,166.87189,Low
C2914,152,2,144.01500000000001,288.03000000000003,287.6818,Medium
C2915,33,3,157.92666666666665,473.78,472.40875,Medium
C2916,81,8,74.81,598.48,600.39496,High
C2917,196,4,53.41,213.64,213.24922,Low
C2918,291,5,110.09400000000001,550.47,553.3279,High
C2919,486,3,100.30000000000001,300.90000000000003,298.4968,Medium
C2920,36,8,54.901250000000005,439.21000000000004,442.71194,Medium
C2921,1,8,78.75750000000001,630.0600000000001,631.2962,High
C2922,147,7,115.54857142857144,808.84,811.80347,Very High
C2923,24,10,97.852,978.52,978.6688,Very High
C2924,45,9,134.79999999999998,1213.1999999999998,1218.7147,Very High
C2925,107,5,49.6,248.0,249.6468,Low
C2926,568,1,161.28,161.28,161.67018,Low
C2927,138,6,64.07166666666667,384.43,380.3571,Medium
C2928,147,3,45.64666666666667,136.94,139.48761,Low
C2929,110,2,120.525,241.05,242.5009,Low
C2930,25,8,127.62,1020.96,1016.13416,Very High
C2931,459,6,59.76500000000001,358.59000000000003,373.39487,Medium
C2932,119,6,83.76666666666667,502.6,504.91602,High
C2933,0,6,36.696666666666665,220.18,220.04001,Low
C2934,286,6,134.80666666666664,808.8399999999999,820.8804,Very High
C2935,86,9,86.09111111111112,774.82,775.5411,Very High
C2936,90,5,155.142,775.71,770.8274,High
C2937,16,7,77.35000000000001,541.45,538.2838,High
C2938,26,7,80.55428571428571,563.88,557.34827,High
C2939,489,5,213.002,1065.01,1065.4224,Very High
C2940,95,5,113.03600000000002,565.1800000000001,563.5234,High
C2941,376,5,43.368,216.84,217.46571,Low
C2942,193,8,111.81625,894.53,896.14703,Very High
C2943,799,3,116.26666666666667,348.8,347.94003,Medium
C2944,203,7,59.027142857142856,413.19,408.36594,Medium
C2945,81,9,172.22444444444443,1550.02,1549.3281,Very High
C2946,139,3,126.75333333333333,380.26,381.67032,Medium
C2947,340,8,115.3,922.4,919.9817,Very High
C2948,309,3,113.96,341.88,345.3502,Medium
C2949,15,3,119.57666666666667,358.73,359.7393,Medium
C2950,211,2,166.95999999999998,333.91999999999996,337.9024,Medium
C2951,313,2,18.2,36.4,35.805477,Low
C2952,242,3,185.01666666666665,555.05,551.62317,High
C2953,171,10,113.91299999999998,1139.1299999999999,1137.9363,Very High
C2954,112,8,137.17374999999998,1097.3899999999999,1095.778,Very High
C2955,181,3,134.04666666666665,402.14,403.03607,Medium
C2956,59,9,58.68111111111111,528.13,526.56934,High
C2957,48,8,25.41625,203.33,200.78429,Low
C2958,153,8,109.87,878.96,878.8715,Very High
C2959,205,6,78.57166666666667,471.43,473.5448,Medium
C2960,95,7,127.48428571428572,892.39,892.2581,Very High
C2961,242,6,102.825,616.95,615.79095,High
C2962,86,8,107.095,856.76,860.8953,Very High
C2963,31,6,120.52166666666666,723.13,723.7602,High
C2964,23,6,91.61000000000001,549.6600000000001,549.1463,High
C2965,486,1,108.33,108.33,109.520454,Low
C2966,8,3,95.21999999999998,285.65999999999997,296.69995,Medium
C2967,48,6,45.065,270.39,274.0437,Medium
C2968,16,9,87.51111111111112,787.6,785.03864,Very High
C2969,26,2,111.71000000000001,223.42000000000002,222.53502,Low
C2970,7,9,156.21555555555557,1405.94,1413.2421,Very High
C2971,30,5,108.46399999999998,542.3199999999999,541.68964,High
C2972,477,2,49.215,98.43,96.38626,Low
C2973,83,3,55.903333333333336,167.71,167.16551,Low
C2974,25,9,87.04666666666668,783.4200000000001,781.75183,Very High
C2975,25,6,112.77999999999999,676.68,680.8473,High
C2976,558,4,150.48250000000002,601.9300000000001,601.46747,High
C2977,65,8,133.64249999999998,1069.1399999999999,1070.6273,Very High
C2978,161,4,138.02499999999998,552.0999999999999,571.58484,High
C2979,122,9,64.51444444444445,580.63,586.8968,High
C2980,413,1,215.41,215.41,219.73125,Low
C2981,27,9,109.8288888888889,988.46,970.2593,Very High
C2982,67,2,124.94500000000001,249.89000000000001,251.49907,Low
C2983,337,7,75.99285714285715,531.95,531.8672,High
C2984,109,7,132.58857142857144,928.12,928.37274,Very High
C2985,114,8,167.50375,1340.03,1341.1538,Very High
C2986,181,3,19.433333333333334,58.3,60.14168,Low
C2987,11,7,116.09428571428573,812.6600000000001,810.74945,Very High
C2988,164,8,60.245,481.96,483.06787,Medium
C2989,120,6,104.21333333333332,625.28,625.24756,High
C2990,125,5,97.63199999999999,488.15999999999997,493.02948,Medium
C2991,189,9,61.93111111111111,557.38,555.6299,High
C2992,50,7,97.28714285714285,681.01,677.03503,High
C2993,220,10,113.23800000000001,1132.38,1134.0833,Very High
C2994,20,5,200.56,1002.8,1002.30914,Very High
C2995,45,4,85.48,341.92,344.9333,Medium
C2996,785,1,32.52,32.52,32.316887,Low
C2997,37,1,95.82,95.82,94.34448,Low
C2998,221,9,98.64666666666668,887.82,885.99725,Very High
C2999,111,2,22.535,45.07,47.457054,Low
